Date,Open,High,Low,Close,Volume,Daily_Return,Log_Return,MA_5,MA_20,Volatility_20,Volatility_20_Annualized,High_Volatility
2022-01-10,17925.0,18058.3,17905.2,18048.2,6690000.0,,,,,,,False
2022-01-11,18026.65,18121.0,17994.75,18083.55,6630000.0,0.0019586440753094347,0.00195672843296906,,,,,False
2022-01-12,18199.0,18254.9,18165.5,18241.2,6110000.0,0.008717867896513853,0.00868008670833608,,,,,False
2022-01-13,18266.0,18303.4,18197.15,18287.25,6780000.0,0.0025245049667783626,0.002521323756976515,,,,,False
2022-01-14,18220.6,18320.0,18146.2,18295.0,6410000.0,0.00042379253304902775,0.0004237027583564944,18191.04,,,,False
2022-01-17,18248.0,18350.0,18234.5,18336.6,4340000.0,0.0022738453129269587,0.002271264038878109,18248.72,,,,False
2022-01-18,18354.0,18363.5,18100.0,18124.35,10430000.0,-0.011575210235267197,-0.011642724481334752,18256.879999999997,,,,False
2022-01-19,18094.0,18110.0,17906.55,17974.1,9270000.0,-0.008289952467260941,-0.008324505216153768,18203.46,,,,False
2022-01-20,17950.0,17968.7,17694.4,17804.1,10710000.0,-0.009458053532583,-0.009503064959380803,18106.829999999998,,,,False
2022-01-21,17670.05,17723.15,17502.5,17617.8,12690000.0,-0.010463881914839823,-0.010519013256346554,17971.39,,,,False
2022-01-24,17550.0,17602.95,17011.75,17151.65,14750000.0,-0.02645903574793662,-0.026815375700223812,17734.4,,,,False
2022-01-25,17000.0,17309.0,16851.15,17283.45,13210000.0,0.007684391880664609,0.0076550173291154155,17566.22,,,,False
2022-01-26,17242.0,17334.25,17114.5,17185.25,,-0.0056817359959961955,-0.005697938459185889,17408.45,,,,False
2022-01-27,16995.0,17174.0,16862.0,17110.15,12030000.0,-0.004370026621666745,-0.0043796030978248785,17269.66,,,,False
2022-01-28,17200.0,17395.0,17095.0,17125.65,13010000.0,0.0009058950389095877,0.0009054849636369103,17171.230000000003,,,,False
2022-01-31,17300.0,17424.95,17271.0,17361.95,10770000.0,0.013798016425653925,0.013703690480567859,17213.29,,,,False
2022-02-01,17524.95,17634.0,17231.25,17589.0,18650000.0,0.013077448097707833,0.012992676537269737,17274.4,,,,False
2022-02-02,17705.25,17809.8,17680.05,17795.9,8510000.0,0.011763033714253357,0.011694387037541056,17396.53,,,,False
2022-02-03,17780.05,17784.0,17500.0,17547.1,10790000.0,-0.013980748374625818,-0.014079399595086953,17483.920000000002,,,,False
2022-02-04,17521.0,17632.0,17475.0,17529.65,9640000.0,-0.00099446632207012,-0.0009949611317779132,17564.72,17724.595,,,False
2022-02-07,17458.55,17532.55,17125.0,17218.3,10830000.0,-0.01776133579392636,-0.01792096125045314,17535.989999999998,17683.1,0.010787087566211514,0.17123970642523595,False
2022-02-08,17265.0,17304.0,17048.2,17273.0,12290000.0,0.003176852534803043,0.0031718170007366173,17472.79,17642.572500000002,0.010815773664612489,0.1716950841199582,False
2022-02-09,17351.4,17490.0,17330.3,17480.15,7830000.0,0.011992705378336188,0.011921362715121422,17409.64,17604.519999999997,0.011013294903962217,0.17483063658779407,False
2022-02-10,17525.0,17650.0,17440.5,17617.65,9200000.0,0.007866065222552399,0.007835289017913416,17423.75,17571.04,0.011193883171126956,0.17769738645547803,False
2022-02-11,17448.0,17473.25,17282.3,17355.8,12400000.0,-0.014862935749092698,-0.014974495966959652,17388.980000000003,17524.079999999998,0.011550022887572719,0.1833509291857293,False
2022-02-14,17129.0,17129.0,16801.0,16837.85,12480000.0,-0.029843049585729364,-0.030297416022858525,17312.890000000003,17449.1425,0.012984951734179129,0.20612971844888917,True
2022-02-15,16894.0,17382.9,16837.0,17360.65,15720000.0,0.031049094747845007,0.030576822473204267,17330.420000000002,17410.957499999997,0.01504134728345077,0.23877398577220615,True
2022-02-16,17390.0,17495.0,17240.15,17317.35,13870000.0,-0.0024941462445243756,-0.0024972618087956986,17297.859999999997,17378.120000000003,0.014970313050507592,0.2376463522825669,True
2022-02-17,17374.9,17436.9,17217.35,17290.2,12480000.0,-0.001567791838820498,-0.0015690221104868252,17232.370000000003,17352.425,0.0148601296295659,0.23589724470008253,True
2022-02-18,17248.0,17388.0,17218.7,17278.05,9800000.0,-0.0007027102057813872,-0.0007029572223255186,17216.82,17335.4375,0.014704813768459326,0.23343168184117144,True
2022-02-21,17206.2,17354.0,17081.0,17205.2,11980000.0,-0.004216332282867441,-0.004225246076327407,17290.29,17338.114999999998,0.01345572011252797,0.21360293477423437,True
2022-02-22,16899.7,17145.0,16851.0,17073.6,14820000.0,-0.007648850347569458,-0.007678252829469693,17232.879999999997,17327.6225,0.013446169195181375,0.21345131866168462,True
2022-02-23,17170.0,17218.65,17043.3,17080.65,9850000.0,0.00041291818948563375,0.00041283296223047853,17185.54,17322.392499999998,0.01339209771345135,0.2125929604996141,True
2022-02-24,16600.0,16763.95,16230.1,16247.95,15150000.0,-0.04875107211962082,-0.049979496870866946,16977.09,17279.282499999998,0.01724006060980401,0.2736774777673318,True
2022-02-25,16449.85,16763.75,16449.85,16656.05,17590000.0,0.025117014761862233,0.024806766817809973,16852.69,17255.802499999998,0.018304463404750462,0.29057434830871415,True
2022-02-28,16525.0,16825.0,16366.85,16794.25,15520000.0,0.008297285370781227,0.008263052130140764,16770.5,17227.4175,0.018107058175586076,0.28744063744547804,True
2022-03-01,16928.25,16954.2,16459.25,16502.0,,-0.017401789302886383,-0.017554980237326143,16656.18,17173.067499999997,0.01809789869737344,0.2872952352365396,True
2022-03-02,16595.0,16678.0,16468.0,16613.45,13790000.0,0.006753726820991401,0.006731022576189231,16562.739999999998,17113.945,0.017916182822090673,0.2844105851449158,True
2022-03-03,16741.0,16769.75,16445.1,16505.6,11830000.0,-0.006491728087784421,-0.0065128909935069125,16614.27,17061.870000000003,0.01775828518262138,0.28190403782507645,True
2022-03-04,16305.1,16479.35,16152.0,16258.95,17010000.0,-0.014943413144629547,-0.015056190876022443,16534.85,16998.335,0.017952221447320053,0.28498268058461335,True
2022-03-07,15900.0,15958.1,15711.15,15872.2,19250000.0,-0.02378689890798602,-0.024074375119232157,16350.439999999999,16931.03,0.01825045519786581,0.2897169946036742,True
2022-03-08,15770.0,16033.0,15676.35,16010.9,18170000.0,0.008738549161426912,0.008700589024756816,16252.219999999998,16867.925,0.018405709499475644,0.29218158023587004,True
2022-03-09,16065.0,16422.35,15961.0,16365.7,15200000.0,0.02215990356569586,0.021917940957277355,16202.670000000002,16812.202500000003,0.018990850589271822,0.3014704070687861,True
2022-03-10,16730.0,16753.5,16450.0,16611.9,15990000.0,0.015043658383081748,0.014931624754012341,16223.929999999998,16761.915,0.01927499676240436,0.3059810877293825,True
2022-03-11,16510.0,16707.8,16475.05,16647.75,10810000.0,0.0021580914886316638,0.002155766154117124,16301.690000000002,16726.5125,0.019087197058935634,0.30299985985936295,True
2022-03-14,16624.95,16912.6,16610.15,16885.4,10340000.0,0.014275202354672611,0.014174271062576212,16504.329999999998,16728.89,0.01821815382522218,0.28920422620954783,True
2022-03-15,16890.0,16928.9,16556.7,16669.0,13780000.0,-0.01281580537032001,-0.012898636261367957,16635.95,16694.307500000003,0.01691532413545068,0.2685224460507069,True
2022-03-16,16870.0,17028.7,16856.0,17008.75,11930000.0,0.020382146499489995,0.020177210561980134,16764.56,16678.8775,0.017630863694780088,0.27988128441399307,True
2022-03-17,17218.0,17385.85,17188.15,17322.05,13130000.0,0.018419930917909833,0.018252338884469203,16906.59,16680.47,0.018141138996325534,0.28798165370239953,True
2022-03-18,17360.25,17481.0,17232.5,17474.0,,0.008772056425192298,0.008733805468502573,17071.840000000004,16690.267499999998,0.018238402154226285,0.2895256584676047,True
2022-03-21,17332.2,17392.1,17130.65,17158.65,9310000.0,-0.018046812407004564,-0.018211642239509124,17126.489999999998,16687.940000000002,0.018692120320913864,0.2967282110738096,True
2022-03-22,17141.0,17383.75,17051.0,17362.8,12160000.0,0.011897789161734673,0.01182756691250546,17265.25,16702.4,0.01878017119523396,0.29812597537084623,True
2022-03-23,17447.0,17464.4,17220.05,17272.25,10970000.0,-0.005215172668002865,-0.005228819147490028,17317.95,16711.980000000003,0.01883167693315418,0.2989436036126249,True
2022-03-24,17111.0,17339.0,17111.0,17242.8,9680000.0,-0.0017050471131440093,-0.001706502360385019,17302.1,16761.7225,0.014841391719512997,0.23559978959954803,True
2022-03-25,17260.0,17296.0,17096.4,17194.05,7970000.0,-0.0028272670331964678,-0.002831271301840355,17246.109999999997,16788.6225,0.013945980694211628,0.2213855802347513,True
2022-03-28,17220.6,17283.0,17025.35,17268.95,10340000.0,0.004356158089571682,0.004346697497526871,17268.170000000002,16812.357500000002,0.013875270103473168,0.22026308440583672,True
2022-03-29,17350.0,17390.0,17269.4,17368.05,7840000.0,0.005738623367373075,0.005722220192805219,17269.22,16855.66,0.013163933956305515,0.20897097314197802,True
2022-03-30,17501.3,17539.95,17425.0,17515.4,9450000.0,0.008483969127219382,0.00844818252695994,17317.85,16900.7575,0.013198011227015874,0.20951193304393462,True
2022-03-31,17519.55,17555.8,17436.75,17464.75,7770000.0,-0.002891740982221447,-0.0028959301431035226,17362.239999999998,16948.715,0.013089731608018176,0.2077930473803862,True
2022-04-01,17453.0,17740.0,17423.0,17713.0,9610000.0,0.014214346039880255,0.014114269457087261,17466.03,17021.417500000003,0.01261167640995875,0.2002041563782244,False
2022-04-04,17810.0,18121.25,17765.1,18098.2,12330000.0,0.021746739682718896,0.021513652542276246,17631.879999999997,17132.717500000002,0.011303766925298537,0.17944173697546298,False
2022-04-05,18161.1,18173.8,17990.1,18017.5,9650000.0,-0.004459006973069224,-0.004468977996277068,17761.77,17233.0475,0.011557443853155831,0.1834687333622546,False
2022-04-06,17897.0,17964.8,17837.0,17867.45,10220000.0,-0.008328014430414865,-0.008362886085319009,17832.18,17308.135,0.011319841848622548,0.17969691847222155,False
2022-04-07,17768.0,17866.3,17693.25,17730.35,11280000.0,-0.0076731710456725555,-0.007702761287130303,17885.3,17364.057500000003,0.011341666346653763,0.18004337163789805,False
2022-04-08,17745.0,17944.8,17656.3,17878.75,11630000.0,0.008369829134788676,0.008334996342962944,17918.45,17425.607500000002,0.01139299047362116,0.18085811689517747,False
2022-04-11,17781.5,17829.95,17690.35,17723.95,10790000.0,-0.008658323428651249,-0.008696024487335474,17843.6,17467.535,0.011419758817407838,0.18128305117918925,False
2022-04-12,17600.1,17634.2,17482.0,17576.8,11640000.0,-0.008302325384578535,-0.008336981639613845,17755.46,17512.925,0.011142645607894564,0.17688401535489087,False
2022-04-13,17615.75,17704.8,17488.4,17519.25,10370000.0,-0.0032742023576531887,-0.0032795742872539966,17685.82,17538.45,0.010399175005367097,0.16508178542664073,False
2022-04-14,17446.25,17520.75,17334.75,17335.75,,-0.010474192673773142,-0.010529433101022478,17606.9,17539.135000000002,0.009925656217654922,0.1575649077062215,False
2022-04-15,17348.0,17393.5,17291.75,17325.25,,-0.0006056847843329827,-0.0006058682854616044,17496.2,17531.697500000002,0.009712965011055159,0.1541885394739421,False
2022-04-18,17221.15,17286.7,17109.95,17229.6,10270000.0,-0.005520843855067126,-0.005536140038039488,17397.329999999998,17535.245,0.008882348372564748,0.1410029091122737,False
2022-04-19,17275.0,17314.0,16843.3,16969.35,13640000.0,-0.015104819612759446,-0.015220059323133724,17275.84,17515.572500000002,0.009067942963974103,0.14394913191356049,False
2022-04-20,17040.0,17219.7,16996.85,17162.7,11670000.0,0.011394072253798848,0.011329648714989149,17204.53,17510.094999999998,0.00942536949181454,0.14962310214141908,False
2022-04-21,17239.95,17439.0,17222.0,17410.15,9340000.0,0.0144178946203104,0.014314945140962808,17219.41,17518.4625,0.009970447295824065,0.15827594402896153,False
2022-04-22,17225.1,17321.0,17156.5,17177.75,10180000.0,-0.013348535193550948,-0.013438427741595305,17189.91,17517.6475,0.010424153014637156,0.16547829903128497,False
2022-04-25,17005.0,17050.15,16875.0,16958.35,11110000.0,-0.012772336307141585,-0.01285460384431959,17135.66,17502.1175,0.01074641164194543,0.17059399614550141,False
2022-04-26,17125.0,17228.8,17068.2,17204.0,9550000.0,0.014485489449150402,0.014381577026340644,17182.59,17493.915,0.011197287120540116,0.177751422477214,False
2022-04-27,17078.0,17114.5,16957.85,17053.8,10720000.0,-0.00873052778423622,-0.008768862124368903,17160.81,17470.835,0.01113870319661135,0.17682143151596297,False
2022-04-28,17149.0,17321.05,17072.65,17245.05,8970000.0,0.011214509376209492,0.011152092978607975,17127.79,17459.85,0.01147259848842645,0.18212185495243155,False
2022-04-29,17307.0,17399.0,17085.65,17135.25,14380000.0,-0.00636704445623526,-0.006387400535163988,17119.29,17430.9625,0.010989517073138928,0.17445317522534412,False
2022-05-02,16925.0,17118.0,16925.0,17084.25,10010000.0,-0.0029763207423294524,-0.0029807587931394578,17144.47,17380.265,0.009517038034242087,0.15107829513928545,False
2022-05-03,17046.75,17083.75,16931.5,17044.75,,-0.002312071059601628,-0.0023147480229095377,17112.620000000003,17331.6275,0.009509869514006428,0.15096449840841414,False
2022-05-04,17115.1,17137.75,16643.2,16702.5,16800000.0,-0.020079496619193615,-0.020283829607020562,17042.36,17273.379999999997,0.01021123317068672,0.16209830129358377,False
2022-05-05,16855.3,16980.35,16660.55,16694.3,13910000.0,-0.0004909444693909082,-0.0004910650220849879,16932.21,17221.5775,0.010176163558122472,0.16154158845306144,False
2022-05-06,16451.25,16494.8,16346.75,16419.4,13590000.0,-0.01646669821436042,-0.01660378124265723,16789.04,17148.61,0.010236452591086175,0.16249864718110063,False
2022-05-09,16255.55,16417.95,16153.0,16298.85,13150000.0,-0.007341924796277599,-0.007369009376195484,16631.96,17077.355,0.010210466860319657,0.16208613649363374,False
2022-05-10,16263.3,16410.15,16209.0,16247.1,13390000.0,-0.0031750706338177226,-0.003180121865427813,16472.43,17010.87,0.010164533034783794,0.1613569596188314,False
2022-05-11,16256.7,16314.7,15993.0,16177.95,14780000.0,-0.004256144173421683,-0.004265227337031959,16367.52,16943.805,0.010163842477403094,0.16134599736025929,False
2022-05-12,16020.0,16038.85,15733.0,15810.75,15300000.0,-0.022697560568551656,-0.022959115547708363,16190.810000000001,16867.555,0.010917884138823544,0.17331603764606215,False
2022-05-13,15968.9,16091.0,15744.1,15786.6,16070000.0,-0.0015274417722118683,-0.001528609500638548,16064.25,16790.6225,0.010902351157961444,0.1730694592191783,False
2022-05-16,15832.3,15979.75,15752.0,15842.6,10810000.0,0.003547312277501158,0.003541035404942416,15973.0,16721.2725,0.011048865178893615,0.17539529719700211,False
2022-05-17,15901.05,16275.05,15885.05,16254.95,12360000.0,0.02602792470932802,0.025694963443822032,15974.570000000002,16685.552499999998,0.012615526927003861,0.20026528144134667,False
2022-05-18,16309.9,16363.35,16167.8,16226.05,12580000.0,-0.0017779199566901882,-0.0017795023322125468,15984.189999999999,16638.72,0.012212882630141683,0.19387350138345194,False
2022-05-19,15981.3,15981.3,15740.0,15769.45,12710000.0,-0.028139935474129518,-0.028543451423044916,15975.929999999998,16556.685,0.012762768877422045,0.2026026749415224,True
2022-05-20,15988.5,16275.0,15968.5,16253.25,13810000.0,0.03067957347910033,0.030218364759154855,16069.26,16510.46,0.014848165316270203,0.23570731711455403,True
2022-05-23,16283.0,16395.0,16151.0,16179.75,3470000.0,-0.004522172488579224,-0.004532428441727013,16136.689999999999,16471.530000000002,0.014665860015221278,0.23281331017896872,True
2022-05-24,16192.0,16232.8,15991.5,16133.0,4650000.0,-0.0028894142369320086,-0.0028935966526789096,16112.3,16417.980000000003,0.01412735671505921,0.22426483530447033,True
2022-05-25,16129.75,16208.5,15933.25,16140.5,6990000.0,0.0004648856381330724,0.0004647776122832819,16095.189999999999,16372.314999999999,0.014084516436150388,0.223584766959934,True
2022-05-26,16117.25,16310.25,15889.75,16291.0,12550000.0,0.009324370372665092,0.009281166787742209,16199.5,16324.6125,0.013992600505708372,0.2221256467990859,True
2022-05-27,16300.05,16349.1,16201.05,16326.9,11210000.0,0.0022036707384445187,0.002201246217326938,16214.23,16284.194999999998,0.014007191770702563,0.22235727595001673,True
2022-05-30,16461.05,16674.0,16461.05,16643.45,10290000.0,0.019388248840870093,0.01920269133221971,16306.970000000001,16262.154999999999,0.014821122275419193,0.23527802214983365,True
2022-05-31,16589.0,16691.85,16528.05,16577.6,11800000.0,-0.003956511420408759,-0.003964359118228683,16395.89,16238.7975,0.014832161672706321,0.23545326714890832,True
2022-06-01,16550.0,16640.0,16425.1,16508.1,11330000.0,-0.004192404208087974,-0.004201216974353482,16469.409999999996,16229.0775,0.014183837824492033,0.22516144512046396,True
2022-06-02,16448.0,16645.0,16430.0,16621.2,12160000.0,0.006851182146946133,0.006827819445919524,16535.45,16225.4225,0.014278508164798738,0.22666429018237633,True
2022-06-03,16761.5,16790.0,16578.0,16604.65,10050000.0,-0.0009957163141048886,-0.0009962123689078869,16591.0,16234.684999999998,0.01375597777971809,0.21836937747398708,True
2022-06-06,16550.0,16621.75,16460.0,16581.25,9030000.0,-0.0014092437961655824,-0.0014102377140956255,16578.559999999998,16248.804999999998,0.013638012831935428,0.21649674198245322,True
2022-06-07,16487.0,16490.0,16354.0,16429.25,10700000.0,-0.009166980776479483,-0.009209256101150996,16548.89,16257.9125,0.013798213178135964,0.21903984363841164,True
2022-06-08,16471.1,16548.0,16310.0,16364.8,13200000.0,-0.003922881446201232,-0.003930596128086118,16520.230000000003,16267.255000000001,0.013792179263190317,0.21894405820814183,True
2022-06-09,16278.0,16496.8,16268.6,16475.45,12160000.0,0.006761463629253228,0.00673870745316315,16491.079999999998,16300.49,0.012695333460479984,0.2015321708848025,True
2022-06-10,16284.4,16321.0,16185.0,16219.35,12950000.0,-0.015544340215290053,-0.015666420226292724,16414.02,16322.127499999999,0.013281660397639535,0.2108398224610167,True
2022-06-13,15900.1,15948.0,15673.5,15766.25,13680000.0,-0.02793576807948528,-0.028333394482280103,16251.02,16318.310000000001,0.014797521913824403,0.23490337802404754,True
2022-06-14,15715.6,15877.0,15666.0,15737.45,12090000.0,-0.0018266867517640062,-0.0018283571785494878,16112.66,16292.435000000001,0.013455170967474912,0.21359421736676978,True
2022-06-15,15739.75,15799.0,15691.0,15708.65,8430000.0,-0.0018300296426677631,-0.0018317061926506322,15981.429999999998,16266.564999999999,0.013455226480005075,0.21359509860086653,True
2022-06-16,15820.25,15865.0,15328.0,15348.55,19270000.0,-0.02292367580918797,-0.0231905090174431,15756.05,16245.519999999999,0.012953540701927954,0.20563108377032654,True
2022-06-17,15305.1,15427.65,15211.65,15319.25,17650000.0,-0.0019089751149130585,-0.0019107995301196276,15576.029999999999,16198.819999999998,0.010549343237282351,0.16746563220546093,False
2022-06-20,15340.0,15384.0,15202.3,15347.65,11270000.0,0.0018538766584526023,0.0018521603500089505,15492.310000000001,16157.215,0.010594037955644908,0.1681751388636933,False
2022-06-21,15440.0,15716.75,15434.95,15638.4,12910000.0,0.018944268340755688,0.018767060243186567,15472.5,16132.485,0.011634617134700152,0.18469382122720487,False
2022-06-22,15551.0,15558.0,15357.25,15403.4,13040000.0,-0.015027112748107196,-0.015141163821481486,15411.45,16095.63,0.012007280309908943,0.19060966573356977,False
2022-06-23,15431.0,15629.0,15360.0,15572.95,16800000.0,0.011007310074399257,0.010947170550670167,15456.329999999998,16059.727499999999,0.01209832992454977,0.19205503355741715,False
2022-06-24,15650.1,15748.0,15611.0,15712.3,9880000.0,0.008948208271393643,0.008908410293295132,15534.939999999999,16028.997500000001,0.012318981082026918,0.19555776209251566,False
2022-06-27,15899.95,15930.4,15819.1,15835.55,8930000.0,0.00784417303641094,0.007813567457218036,15632.52,15988.602499999999,0.011516055075830882,0.18281170689102955,False
2022-06-28,15779.7,15861.95,15712.35,15847.7,9200000.0,0.0007672610045121875,0.0007669668102605652,15674.38,15952.107499999998,0.011531346585574188,0.1830544520827386,False
2022-06-29,15701.1,15852.15,15678.0,15779.9,10020000.0,-0.004278223338402443,-0.004287401121627054,15749.679999999998,15915.6975,0.011532148700577774,0.18306718526367277,False
2022-06-30,15765.0,15876.6,15712.0,15780.25,10410000.0,2.2180115209824436e-05,2.217986923470624e-05,15791.14,15873.65,0.01135003630861106,0.1801762406648305,False
2022-07-01,15704.0,15787.25,15513.9,15754.25,15180000.0,-0.0016476291566990264,-0.0016489879903924841,15799.529999999999,15831.130000000001,0.011346330499450488,0.18011741276815968,False
2022-07-04,15735.0,15853.45,15651.9,15836.95,10380000.0,0.005249377152197088,0.005235647200124869,15799.810000000001,15793.915000000003,0.011478902498557054,0.18222192801083958,False
2022-07-05,15880.0,16014.6,15752.5,15776.05,13320000.0,-0.0038454374106126066,-0.003852850114546975,15785.48,15761.255000000001,0.01137082691966332,0.18050628138352662,False
2022-07-06,15796.85,16020.0,15781.05,15990.45,15680000.0,0.013590220619229765,0.013498701812531903,15827.590000000002,15742.5375,0.011875232200105975,0.18851346697576096,False
2022-07-07,16109.8,16165.0,16042.0,16148.15,10890000.0,0.009862136462701176,0.009813822984611923,15901.170000000002,15726.1725,0.012002671666459947,0.19053650578688533,False
2022-07-08,16248.0,16250.0,16160.0,16225.2,9240000.0,0.004771444406944436,0.004760097146977776,15995.36,15726.465,0.011552328569618114,0.18338753075349631,False
2022-07-11,16152.0,16253.2,16106.45,16203.5,10360000.0,-0.0013374257328107042,-0.0013383208848280087,16068.670000000002,15748.3275,0.009507126579218095,0.15092095566853975,False
2022-07-12,16126.55,16149.75,16026.0,16044.25,11660000.0,-0.009828123553553225,-0.009876738350251511,16122.310000000001,15763.6675,0.009813980371252664,0.15579210860402337,False
2022-07-13,16097.85,16142.45,15962.7,15979.9,11910000.0,-0.004010782679153002,-0.0040188474392255395,16120.2,15777.230000000001,0.00985922513787973,0.1565103470077576,False
2022-07-14,15980.0,16079.0,15860.0,15932.55,12000000.0,-0.002963097391097569,-0.00296749605543497,16077.079999999998,15806.430000000002,0.008189244910684708,0.13000023275443856,False
2022-07-15,15989.95,16083.9,15930.3,16068.3,9170000.0,0.008520293361703013,0.008484200531644505,16045.7,15843.882500000002,0.008265585558049595,0.13121210296155758,False
2022-07-18,16199.0,16520.0,16170.45,16300.25,8100000.0,0.01443525450732186,0.014332058145932485,16065.05,15891.5125,0.008688030130497522,0.1379182026499949,False
2022-07-19,16199.5,16364.5,16198.95,16346.95,8960000.0,0.002864986733332353,0.0028608904807823333,16125.59,15926.939999999999,0.007842776923472506,0.124500223965987,False
2022-07-20,16521.3,16577.6,16492.0,16519.6,10890000.0,0.010561603234854111,0.010506219125435394,16233.529999999999,15982.75,0.006907888528371447,0.10965933078376082,False
2022-07-21,16524.1,16618.0,16489.5,16597.5,9490000.0,0.00471561054747105,0.004704526886547288,16366.519999999999,16033.977499999999,0.006689088095713676,0.10618598159436603,False
2022-07-22,16631.1,16757.5,16611.0,16722.6,7910000.0,0.00753727971079976,0.007509016348478882,16497.379999999997,16084.492500000002,0.006632610033254298,0.10528942014757631,False
2022-07-25,16680.0,16705.0,16561.5,16632.1,7910000.0,-0.0054118378721011995,-0.005426534916007012,16563.749999999996,16124.320000000002,0.006798214259875418,0.1079183057457803,False
2022-07-26,16635.1,16635.1,16475.15,16491.3,8010000.0,-0.008465557566392667,-0.008501593921534338,16592.62,16156.5,0.007220894884365616,0.11462815264421955,False
2022-07-27,16488.0,16668.0,16438.0,16653.3,8690000.0,0.009823361408742848,0.009775425863868165,16619.36,16200.169999999998,0.007262189892071787,0.11528369056889369,False
2022-07-28,16769.2,16934.85,16743.55,16929.6,8590000.0,0.016591306227594416,0.01645517418177707,16685.78,16257.6375,0.007858565822071171,0.12475086496099311,False
2022-07-29,17095.0,17222.95,17055.9,17201.85,9530000.0,0.016081301389282654,0.01595336700722008,16781.629999999997,16330.017499999998,0.00823236065802079,0.13068467402469036,False
2022-08-01,17326.75,17458.95,17248.45,17441.6,637800.0,0.013937454401706795,0.013841221216976748,16943.53,16410.249999999996,0.008502279441869315,0.13496950188217954,False
2022-08-02,17395.2,17485.05,17306.0,17415.65,667750.0,-0.0014878222181449186,-0.0014889301246696406,17128.4,16492.23,0.00839067284296741,0.13319780204997048,False
2022-08-03,17374.15,17490.0,17312.8,17470.7,596200.0,0.00316095006502759,0.003155964765130849,17291.879999999997,16566.2425,0.00814860221499919,0.12935504996206762,False
2022-08-04,17528.95,17567.0,17245.5,17455.1,1030000.0,-0.0008929235806236502,-0.0008933224743561579,17396.98,16631.59,0.008128740695180041,0.1290397581094601,False
2022-08-05,17444.85,17577.15,17435.25,17485.45,819650.0,0.0017387468418972318,0.0017372369715419763,17453.7,16694.6025,0.008140499056268135,0.12922641630504889,False
2022-08-08,17481.65,17647.0,17447.4,17620.4,757100.0,0.00771784540861109,0.0076882151963506415,17489.46,16765.447500000002,0.008092661064339934,0.12846701172587247,False
2022-08-09,17553.0,17578.0,17495.5,17506.25,,-0.006478286531520383,-0.006499361699673264,17507.579999999998,16838.5475,0.007816308632555074,0.12408005287360839,False
2022-08-10,17641.85,17650.0,17525.05,17626.65,656650.0,0.006877543734380653,0.006854001311527553,17538.77,16920.885,0.007575217839844196,0.12025285518820596,False
2022-08-11,17786.95,17799.95,17726.0,17753.15,654950.0,0.007176633109524433,0.007151003627335194,17598.379999999997,17011.915,0.0073543132592966826,0.1167461036865834,False
2022-08-12,17771.65,17819.0,17692.0,17782.15,642150.0,0.0016335129258751024,0.0016321801947938384,17657.72,17097.607500000002,0.007364218647534765,0.11690334685008846,False
2022-08-15,17833.5,17857.5,17757.5,17844.75,,0.003520384205509375,0.003514202157573047,17702.590000000004,17174.8325,0.007033460487551813,0.11165272383756723,False
2022-08-16,17884.95,17931.85,17845.4,17919.1,754250.0,0.004166491545132267,0.004157835753759456,17785.16,17253.44,0.007022964485257313,0.11148610496657757,False
2022-08-17,17961.55,18066.5,17939.9,18050.35,918750.0,0.007324586614283035,0.007297892101341588,17869.9,17329.9775,0.006915430243125803,0.10977905179395488,False
2022-08-18,18032.15,18086.8,17942.55,18059.75,1280000.0,0.0005207655253223198,0.0005206299740143946,17931.22,17403.09,0.006970768507779245,0.11065751951150819,False
2022-08-19,18057.35,18108.7,17800.0,17843.45,2290000.0,-0.01197690997937395,-0.01204921104113363,17943.48,17459.1325,0.007802991543474501,0.12386865063824146,False
2022-08-22,17763.0,17777.55,17555.0,17575.25,3050000.0,-0.01503072556035967,-0.015144831758868415,17889.579999999998,17506.29,0.008620399618588964,0.1368446015566947,False
2022-08-23,17536.0,17723.95,17464.9,17665.55,5780000.0,0.005137906999900466,0.005124752992536534,17838.870000000003,17565.0025,0.008211988213534343,0.13036127149443272,False
2022-08-24,17731.0,17731.0,17575.0,17699.25,5840000.0,0.0019076677488105709,0.0019058504615105186,17768.65,17617.3,0.008079713154026336,0.12826147002174598,False
2022-08-25,17768.8,17823.85,17536.0,17588.4,10760000.0,-0.006262977244798407,-0.006282671961553307,17674.379999999997,17650.239999999998,0.00767440669347391,0.1218274294254088,False
2022-08-26,17700.0,17815.0,17663.35,17710.3,587800.0,0.006930704327852366,0.006906797394307743,17647.75,17675.6625,0.007032826820271618,0.1116426646813431,False
2022-08-29,17335.85,17493.2,17136.65,17425.8,871700.0,-0.01606409829308364,-0.016194524593372527,17617.86,17674.8725,0.0074247793286343474,0.11786471785859758,False
2022-08-30,17497.95,17894.95,17497.9,17876.25,745900.0,0.025849602313810616,0.025521149564954652,17660.0,17697.9025,0.009395071589785033,0.14914213785731664,False
2022-08-31,17620.0,17673.8,17472.75,17521.5,,-0.019844766100272748,-0.02004431792328464,17624.45,17700.442499999997,0.010504278568192903,0.16675025276150432,False
2022-09-01,17610.0,17790.7,17542.3,17638.65,795650.0,0.006686071397996818,0.006663818756060223,17634.5,17709.620000000003,0.01059914763706615,0.16825625254160953,False
2022-09-02,17672.45,17713.55,17551.0,17618.1,562950.0,-0.0011650551487785155,-0.001165734353119956,17616.06,17716.2525,0.010602277506821894,0.16830593768366786,False
2022-09-05,17698.65,17774.8,17601.6,17759.65,405250.0,0.008034351036718013,0.008002247477963543,17682.829999999998,17723.215,0.010613955763882923,0.1684913242672489,False
2022-09-06,17775.0,17836.6,17656.0,17734.35,432150.0,-0.0014245776239961705,-0.0014255932994198203,17654.45,17734.62,0.010499948804837326,0.1666815198990566,False
2022-09-07,17625.0,17728.95,17580.0,17700.45,380000.0,-0.0019115445449084945,-0.001913373877788004,17690.239999999998,17738.31,0.01041133680976964,0.16527484808629836,False
2022-09-08,17810.0,17884.15,17751.0,17873.45,485100.0,0.009773762813939824,0.00972630854812423,17737.2,17744.325,0.010517792645628863,0.16696478209006843,False
2022-09-09,17958.0,17997.1,17860.0,17917.45,508650.0,0.002461751928139133,0.002458726780619276,17797.07,17751.09,0.010524573716750325,0.1670724282569286,False
2022-09-12,17949.4,18070.0,17941.75,18016.2,436700.0,0.005511386944012653,0.005496254824837725,17848.38,17759.6625,0.010564666911978614,0.16770888799996872,False
2022-09-13,18094.8,18169.6,18086.5,18155.3,551000.0,0.007720829031649279,0.007691175964223193,17932.57,17771.4725,0.010658515664448179,0.16919869075929747,False
2022-09-14,17900.85,18157.6,17870.4,18073.45,919100.0,-0.004508325392585055,-0.004518518539059338,18007.170000000002,17772.627500000002,0.01060021666783836,0.16827322287901242,False
2022-09-15,18084.7,18150.0,17927.9,17948.7,863350.0,-0.006902389969817624,-0.006926321650906398,18022.22,17767.075,0.01071468554977612,0.17009036004578998,False
2022-09-16,17886.35,17886.35,17584.0,17623.3,1350000.0,-0.01812944670087535,-0.018295798767611813,17963.39,17756.0675,0.01114851694787495,0.17697721998759575,False
2022-09-19,17570.25,17743.2,17514.2,17683.1,986950.0,0.0033932350921790366,0.0033874910602165443,17896.769999999997,17761.46,0.010639569297454262,0.1688979265074131,False
2022-09-20,17814.7,17987.45,17709.85,17874.05,1230000.0,0.010798445973839499,0.010740559108717403,17840.519999999997,17771.885000000002,0.010846639746480312,0.1721850679793735,False
2022-09-21,17855.0,17894.25,17721.0,17786.1,1250000.0,-0.004920541231562048,-0.004932686953297695,17783.05,17776.2275,0.010911994844499031,0.1732225479969802,False
2022-09-22,17677.0,17800.0,17605.15,17707.75,2140000.0,-0.004405125350695149,-0.0044148565038546455,17734.859999999997,17782.195,0.010860961098360069,0.172412412392446,False
2022-09-23,17650.2,17691.75,17352.4,17394.2,2440000.0,-0.017706936228487513,-0.01786557953818245,17689.04,17766.39,0.011461202948261992,0.1819409563604491,False
2022-09-26,17305.0,17305.0,17038.75,17082.15,4000000.0,-0.017939888008646543,-0.018102758660679705,17568.85,17749.2075,0.01159920620223918,0.18413169010129704,False
2022-09-27,17099.85,17174.9,16946.0,17018.65,11820000.0,-0.0037173306638801362,-0.0037242571080960767,17397.77,17706.327500000003,0.009741705852149276,0.15464478618197727,False
2022-09-28,16863.05,17033.0,16833.7,16858.7,12060000.0,-0.009398512808007742,-0.009442957524874453,17212.29,17673.1875,0.00901029754626948,0.14303403927674724,False
2022-09-29,16981.3,17042.95,16786.05,16818.1,8850000.0,-0.00240825211908402,-0.002411156622339684,17034.360000000004,17632.16,0.008781420703367633,0.13940073203366793,False
2022-09-30,16815.0,17209.6,16764.25,17103.2,14770000.0,0.016951974360956523,0.01680989310080543,16976.16,17606.415,0.00978619353297854,0.15535100622125875,False
2022-10-03,17021.0,17105.0,16858.0,16895.65,12490000.0,-0.012135155994199898,-0.012209388156889194,16938.86,17563.215,0.009798097680914095,0.15553997871130434,False
2022-10-04,17140.0,17309.0,17125.0,17293.0,11630000.0,0.023517887740335475,0.023245602996613136,16993.73,17541.1475,0.011392442589065924,0.1808494194974955,False
2022-10-05,17355.0,17494.5,17281.75,17390.25,,0.005623662753715397,0.005607908997277573,17100.04,17525.6375,0.011491758591663277,0.18242601216198534,False
2022-10-06,17421.2,17444.0,17313.0,17325.45,9180000.0,-0.0037262259024453126,-0.0037331855764409,17201.510000000002,17498.2375,0.01123019904724785,0.1782738831166339,False
2022-10-07,17301.1,17353.95,17220.3,17328.85,8890000.0,0.00019624309902477322,0.00019622384586664087,17246.64,17468.8075,0.011199561876862203,0.1777875331143431,False
2022-10-10,17100.0,17278.85,17050.0,17227.45,12680000.0,-0.005851513516476725,-0.00586870070185498,17313.0,17429.37,0.011107161511101582,0.17632072278121902,False
2022-10-11,17220.0,17239.0,16951.0,16978.2,10600000.0,-0.014468188849771746,-0.014573873711716208,17250.04,17370.515,0.011174416348468616,0.17738836022605461,False
2022-10-12,17011.0,17133.9,16951.05,17114.8,11370000.0,0.00804561143112914,0.00801341806109603,17194.95,17322.582499999997,0.01145135219235966,0.18178458045838766,False
2022-10-13,17085.25,17086.8,16927.0,17010.85,10490000.0,-0.006073690606960058,-0.0060922104932059715,17132.03,17275.690000000002,0.0114366803537961,0.18155167224169608,False
2022-10-14,17299.75,17367.0,17175.0,17195.5,12880000.0,0.010854836765946452,0.010796345917071758,17105.36,17254.3,0.011201610053000504,0.17782004690256228,False
2022-10-17,17155.0,17324.0,17100.0,17300.3,8990000.0,0.006094617777906874,0.006076120711962267,17119.93,17235.16,0.011275552787048624,0.17899385141587137,False
2022-10-18,17443.0,17538.65,17432.0,17502.0,9530000.0,0.011658757362589034,0.011591317719797727,17224.689999999995,17216.557500000003,0.011324600613386695,0.1797724615209043,False
2022-10-19,17535.1,17599.35,17457.0,17494.65,8510000.0,-0.00041995200548505807,-0.00042004021002382656,17300.66,17201.985,0.011287047849843081,0.1791763298806266,False
2022-10-20,17408.0,17560.0,17385.3,17540.7,9480000.0,0.002632233282746421,0.0026287750240188658,17406.629999999997,17193.6325,0.011277296820721067,0.17902153709212382,False
2022-10-21,17588.0,17665.5,17495.0,17564.45,9120000.0,0.001353993854293245,0.00135307803120053,17480.420000000002,17202.145,0.010518819861229538,0.16698108863220185,False
2022-10-24,17730.0,17807.05,17716.55,17732.55,4040000.0,0.009570467620676926,0.009524960812670569,17566.870000000003,17234.665,0.009745423805469344,0.15470380686120352,False
2022-10-25,17772.1,17790.0,17642.6,17654.95,7870000.0,-0.004376133156257733,-0.004385736454072745,17597.460000000003,17266.48,0.009766554154178323,0.15503924074800374,False
2022-10-26,17793.0,17981.25,17787.5,17903.5,,0.014078204696133412,0.013980027141892748,17679.23,17318.72,0.009750194060298317,0.15477953230901073,False
2022-10-27,17795.1,17818.55,17655.0,17736.95,9340000.0,-0.009302650319769845,-0.00934619020585252,17718.480000000003,17364.6625,0.010070176190933668,0.15985909115888508,False
2022-10-28,17781.0,17887.1,17773.3,17830.2,8100000.0,0.005257386416492205,0.005243614608581574,17771.63,17401.0125,0.009524502777051847,0.15119679425773955,False
2022-10-31,17948.0,18061.75,17926.1,18051.05,6520000.0,0.012386288431986081,0.01231020597007755,17835.33,17458.7825,0.009163455199417865,0.14546534164644875,False
2022-11-01,18161.1,18225.0,18112.0,18211.2,8070000.0,0.008872060074067711,0.008832934594535777,17946.58,17504.6925,0.007975322696627032,0.12660432288458495,False
2022-11-02,18227.0,18229.45,18117.05,18146.75,5780000.0,-0.0035390309260235897,-0.003545308110447181,17995.23,17542.5175,0.008056475331199192,0.12789258102047876,False
2022-11-03,18046.9,18158.85,18008.0,18118.8,7810000.0,-0.0015402207006764979,-0.0015414080599333798,18071.6,17582.185,0.007986912579855555,0.12678830657706663,False
2022-11-04,18135.0,18220.8,18069.85,18194.0,6010000.0,0.004150385235225373,0.004141796143582939,18144.36,17625.4425,0.007981777614039547,0.1267067915218268,False
2022-11-07,18294.9,18308.5,18119.5,18264.15,8560000.0,0.0038556667033089465,0.003848252671691333,18186.98,17677.2775,0.007740677837273698,0.12287945121897303,False
2022-11-08,18375.25,18436.0,18283.5,18382.75,,0.006493595376735328,0.006472602815402211,18221.29,17747.504999999997,0.00659125303810492,0.10463289820274736,False
2022-11-09,18410.8,18451.6,18270.4,18299.95,556050.0,-0.004504222708789474,-0.004514397283757929,18251.93,17806.7625,0.006780752272447919,0.10764110528899971,False
2022-11-10,18201.35,18245.4,18125.0,18182.35,607100.0,-0.006426247066248947,-0.00644698428131243,18264.64,17865.3375,0.006807016475723388,0.10805803659050053,False
2022-11-11,18420.0,18600.0,18405.0,18514.45,1020000.0,0.018264965749752005,0.01810016495838921,18328.73,17931.284999999996,0.007411409914267061,0.1176524849850551,False
2022-11-14,18531.05,18561.4,18454.55,18468.55,623850.0,-0.0024791446680836327,-0.002482222835760708,18369.61,17989.697500000002,0.007514559127014435,0.11928992797422497,False
2022-11-15,18500.0,18580.0,18437.3,18554.3,682200.0,0.00464302828321661,0.004632282675998348,18403.920000000002,18042.3125,0.007263346035808795,0.1153020437817415,False
2022-11-16,18545.0,18578.0,18482.0,18539.55,809500.0,-0.0007949639706159584,-0.000795280122037011,18451.839999999997,18094.557500000003,0.007272977252715182,0.11545493461028483,False
2022-11-17,18498.65,18559.7,18441.2,18470.65,802550.0,-0.0037163793080197127,-0.0037233022029918555,18509.5,18141.055,0.007423630333187254,0.11784647812133425,False
2022-11-18,18476.05,18510.0,18350.15,18442.9,1460000.0,-0.0015023835111379613,-0.0015035132208918785,18495.190000000002,18184.9775,0.007476401823916928,0.11868419956604347,False
2022-11-21,18385.1,18385.1,18251.0,18284.05,2240000.0,-0.008613070612539353,-0.008650377477468614,18458.29,18212.552499999998,0.007670531100498974,0.12176590629424128,False
2022-11-22,18315.0,18388.85,18265.0,18373.85,2790000.0,0.0049113845127310984,0.00489936300923134,18422.2,18248.4975,0.007572729731911518,0.12021335769925623,False
2022-11-23,18401.05,18451.0,18378.35,18396.85,4940000.0,0.001251779022904742,0.0012509962007557784,18393.66,18273.165,0.00702126050964227,0.11145905519227244,False
2022-11-24,18431.5,18659.5,18413.0,18626.15,9500000.0,0.012464090319810328,0.01238705301880665,18424.760000000002,18317.625,0.00696443547568416,0.11055698574369668,False
2022-11-25,18720.7,18770.0,18688.0,18751.9,459650.0,0.006751260995965458,0.006728573289953671,18486.559999999998,18363.71,0.00700378369335422,0.11118161933462838,False
2022-11-28,18698.8,18843.75,18684.65,18797.65,417800.0,0.0024397527717190393,0.0024367814068745742,18589.280000000002,18401.04,0.006610393976131681,0.10493675117402321,False
2022-11-29,18793.45,18893.3,18788.8,18833.7,430000.0,0.0019177929156037887,0.0019159562985627604,18681.25,18432.165,0.006412551180344625,0.10179609415599349,False
2022-11-30,18849.0,18999.25,18823.35,18967.15,470500.0,0.0070857027562296615,0.0070607171222087815,18795.310000000005,18473.184999999998,0.0063956389374441435,0.10152762062303153,False
2022-12-01,19000.0,19092.05,18985.5,19040.65,475750.0,0.003875120932770537,0.0038676319924468862,18878.21,18519.2775,0.006341910452457144,0.10067470736545632,False
2022-12-02,19004.7,19023.5,18866.5,18919.85,455050.0,-0.006344321228529681,-0.006364531962059711,18911.8,18555.57,0.006626261636748625,0.10518864247730805,False
2022-12-05,18922.35,18970.45,18817.3,18918.85,359100.0,-5.285454165859793e-05,-5.285593850910505e-05,18936.04,18588.305,0.006625626776935036,0.10517856439020318,False
2022-12-06,18841.5,18894.0,18793.9,18877.85,341150.0,-0.002167150751763436,-0.0021695024211829425,18944.870000000003,18613.06,0.006584461218418176,0.10452508140770304,False
2022-12-07,18860.0,18879.4,18761.75,18780.9,319500.0,-0.0051356483921631835,-0.005148881159704259,18907.620000000003,18637.107500000002,0.006615450413223992,0.10501701962442099,False
2022-12-08,18790.05,18844.0,18750.0,18826.55,262650.0,0.0024306609374415977,0.0024277116593085127,18864.8,18669.317499999997,0.006361275315437997,0.1009821150351774,False
2022-12-09,18850.0,18878.95,18634.05,18698.9,515049.99999999994,-0.006780318220810377,-0.006803409012865844,18820.609999999997,18678.54,0.00532167695802721,0.08447900273257627,False
2022-12-12,18639.95,18747.0,18581.2,18717.25,417700.0,0.0009813411484096424,0.0009808599479736555,18780.29,18690.975,0.005275457154160457,0.08374528609251063,False
2022-12-13,18719.5,18827.8,18692.0,18813.75,302600.0,0.005155671906930781,0.005142426935504046,18767.47,18703.947500000002,0.005296916299111695,0.084085939457845,False
2022-12-14,18849.85,18906.9,18829.9,18855.2,330100.0,0.002203175868713103,0.002200752435605674,18782.329999999998,18719.73,0.005294570657990753,0.08404870355941889,False
2022-12-15,18830.0,18832.0,18557.5,18581.9,720000.0,-0.014494675208960861,-0.014600749267440389,18733.4,18725.2925,0.006247456169246045,0.09917529210360775,False
2022-12-16,18490.3,18600.0,18430.0,18443.4,979100.0,-0.0074534896861999655,-0.007481405741641851,18682.3,18725.3175,0.006476293766523717,0.10280797634171736,False
2022-12-19,18498.0,18617.15,18421.2,18601.0,884250.0,0.008545062190268515,0.008508759803855067,18659.05,18741.165,0.0064084113126322275,0.10173037579342722,False
2022-12-20,18570.85,18576.5,18346.0,18528.8,1620000.0,-0.0038815117466802773,-0.0038890643634486043,18602.06,18748.9125,0.0064188348920788665,0.10189584498734881,False
2022-12-21,18574.95,18610.0,18335.05,18378.75,1650000.0,-0.008098203877207388,-0.008131172441635297,18506.77,18748.0075,0.0066912756064737,0.10622070725113385,False
2022-12-22,18430.0,18455.65,18221.15,18273.85,1990000.0,-0.005707678705026309,-0.005724029750485824,18445.16,18730.392499999998,0.006114644359318148,0.09706696998215816,False
2022-12-23,18150.0,18219.7,17941.15,17973.3,3060000.0,-0.01644699940078309,-0.0165837528244286,18351.139999999996,18691.4625,0.006747139262959244,0.10710751530545877,False
2022-12-26,17975.0,18213.2,17941.55,18134.45,3500000.0,0.008966077459342525,0.008926120845299949,18257.829999999998,18658.302499999998,0.007125293451139635,0.11311052694043579,False
2022-12-27,18182.75,18266.6,18080.3,18251.6,4320000.0,0.006460080123742218,0.006439303238363635,18202.39,18629.197500000002,0.007318793875931323,0.11618225095594077,False
2022-12-28,18199.0,18290.0,18185.05,18238.65,4630000.0,-0.000709526836003227,-0.000709778669297431,18174.370000000003,18592.7725,0.007037239480488318,0.1117127134906648,False
2022-12-29,18175.0,18305.0,18091.95,18292.25,8770000.0,0.0029388140021326947,0.002934504130139873,18178.05,18555.3525,0.006999582583515644,0.11111492878344834,False
2022-12-30,18410.05,18450.0,18260.0,18290.75,616500.0,-8.200194071261713e-05,-8.200530305557113e-05,18241.54,18523.8975,0.00693381458430707,0.11007089416265525,False
2023-01-02,18308.25,18369.0,18250.0,18352.85,290450.0,0.0033951587551084295,0.003389408215941873,18285.219999999998,18495.5975,0.007018395838512363,0.11141357994788612,False
2023-01-03,18319.0,18405.0,18290.0,18391.8,350450.0,0.002122286184434552,0.002120037316375879,18313.260000000002,18471.295000000002,0.007062147622283811,0.11210811798353444,False
2023-01-04,18381.7,18381.7,18155.3,18169.4,728500.0,-0.012092345501799606,-0.012166052709676111,18299.409999999996,18440.72,0.00742411227049836,0.1178541286389705,False
2023-01-05,18196.5,18255.0,18032.0,18130.7,662000.0,-0.002129954759100494,-0.002132226338886364,18267.1,18405.927499999998,0.007362693894592418,0.11687914214751088,False
2023-01-06,18127.55,18194.95,17941.5,18008.35,730750.0,-0.006748222627918521,-0.006771094838154909,18210.62,18371.4,0.007361567381505447,0.11686125930665019,False
2023-01-09,18027.85,18287.5,18027.85,18240.05,818050.0,0.012866253710084541,0.01278418664863181,18188.06,18347.54,0.008049979832716578,0.12778946817872042,False
2023-01-10,18223.8,18223.85,17995.55,18052.75,567650.0,-0.010268612202269156,-0.010321698125750192,18120.25,18309.489999999998,0.00814135784818328,0.12924004920406146,False
2023-01-11,18050.05,18129.2,17960.25,18031.2,461850.0,-0.0011937239478749806,-0.0011944370038246398,18092.61,18268.29,0.008083607636976586,0.12832329302197523,False
2023-01-12,18060.9,18084.9,17894.3,17991.25,628550.0,-0.002215604064066734,-0.0022180621461800553,18064.719999999998,18238.7575,0.007549374973468425,0.11984261240263377,False
2023-01-13,17999.0,18153.85,17911.0,18097.6,616600.0,0.0059112068366566906,0.005893804200236107,18082.57,18221.4675,0.0075941009249368245,0.12055261487105055,False
2023-01-16,18139.65,18169.7,17966.1,18015.5,583450.0,-0.004536513128812536,-0.004546834331172336,18037.66,18192.192499999997,0.007293516809643897,0.11578098996832183,False
2023-01-17,18029.95,18174.0,17995.8,18158.1,812400.0,0.00791540617801334,0.007884243685044583,18058.73,18173.657499999998,0.007568786427165557,0.12015075967704691,False
2023-01-18,18178.15,18301.0,18145.95,18278.6,1110000.0,0.006636156866632437,0.006614234511001118,18108.21,18168.65,0.007556822291215985,0.1199608349068009,False
2023-01-19,18269.95,18269.95,18166.0,18198.45,788400.0,-0.004384909128707815,-0.004394551038998513,18149.65,18164.88,0.00751216141794198,0.11925186552269297,False
2023-01-20,18200.0,18247.45,18115.0,18131.6,2029999.9999999998,-0.003673389766711055,-0.00368015323120788,18156.45,18172.795000000002,0.00653591372255628,0.10375441380274997,False
2023-01-23,18171.95,18274.3,18171.95,18228.1,3650000.0,0.005322199916168557,0.005308087062335095,18198.969999999998,18177.4775,0.006333953717487012,0.10054839811358221,False
2023-01-24,18254.0,18300.0,18183.0,18212.85,4490000.0,-0.0008366203828155117,-0.0008369705449634652,18209.920000000002,18175.54,0.006166986464674151,0.09789787514537532,False
2023-01-25,18184.25,18215.0,17934.05,17985.9,10130000.0,-0.01246098221859826,-0.012539271310057032,18151.379999999997,18162.9025,0.006760557610973752,0.107320524976569,False
2023-01-26,17961.5,18061.0,17940.75,18032.2,,0.0025742387092111407,0.0025709310320295125,18118.129999999997,18149.9,0.006750782950538006,0.10716535705259049,False
2023-01-27,18070.0,18070.0,17673.15,17778.5,846550.0,-0.014069276072803172,-0.014169186556555913,18047.51,18124.2875,0.007379308388017156,0.11714288905407794,False
2023-01-30,17717.8,17913.8,17615.15,17831.15,657600.0,0.0029614421914110345,0.002957065759721834,17968.120000000003,18098.2025,0.007365119201365313,0.11691764269895562,False
2023-01-31,17815.2,17927.45,17731.0,17897.25,603500.0,0.003706995903236754,0.0037001419271420755,17905.0,18073.475,0.007413542629377191,0.11768634078784762,False
2023-02-01,17999.75,18155.0,17576.1,17780.15,1290000.0,-0.006542904636187008,-0.006564403263682072,17863.85,18054.012499999997,0.007086394174646989,0.11249302006975649,False
2023-02-02,17705.0,17833.0,17622.75,17784.05,592500.0,0.00021934573105397703,0.00021932167829629342,17814.22,18036.68,0.007087167166723441,0.11250529093855478,False
2023-02-03,17825.0,18019.75,17734.0,17996.9,615600.0,0.011968589831899967,0.011897532668080076,17857.9,18036.1075,0.0075034865425343145,0.11911415614479405,False
2023-02-06,17950.05,17964.95,17846.1,17905.45,389550.0,-0.0050814306908412155,-0.005094385062903509,17872.760000000002,18019.3775,0.006934800295208274,0.11008654183811041,False
2023-02-07,17925.0,17964.55,17809.0,17883.35,445150.0,-0.0012342610769348061,-0.001235023404476527,17869.98,18010.907499999998,0.006577638435138673,0.10441677308086192,False
2023-02-08,17895.95,18036.9,17891.0,18009.9,582050.0,0.007076414653854224,0.007051494326987664,17915.93,18009.8425,0.006785149644766335,0.10771091141045984,False
2023-02-09,18009.0,18071.85,17927.0,18049.15,424000.0,0.0021793569092554144,0.0021769855557119463,17968.95,18012.7375,0.006782053361125281,0.10766175943144336,False
2023-02-10,17961.8,17998.0,17925.0,17977.55,399500.0,-0.003966945811852751,-0.00397483501232218,17965.08,18006.735,0.006702123329041977,0.10639290950837633,False
2023-02-13,17977.55,17997.35,17853.2,17902.0,510450.0,-0.004202463628247388,-0.004211318796242816,17964.39,18001.06,0.006691447292347824,0.10622343267989316,False
2023-02-14,17911.35,18065.0,17911.3,18042.7,667600.0,0.007859457043905671,0.00782873239244655,17996.260000000002,17995.29,0.006687845034785615,0.10616624861388513,False
2023-02-15,18006.0,18150.0,17977.2,18135.2,681350.0,0.005126727152809707,0.005113630230984709,18021.32,17988.120000000003,0.006613586612910026,0.10498743271167556,False
2023-02-16,18194.95,18247.45,18153.05,18165.45,980700.0,0.0016680268207684978,0.0016666372090895247,18044.58,17986.469999999998,0.006558596386353147,0.10411448992762395,False
2023-02-17,18121.25,18147.2,18004.4,18058.2,1200000.0,-0.005904065134637482,-0.005921563033677686,18060.71,17982.8,0.00664153765049563,0.10543114167770193,False
2023-02-20,18071.0,18112.0,17947.0,17972.35,2300000.0,-0.004754072941932308,-0.00476540949082511,18074.78,17970.0125,0.006583973244369526,0.10451733505982917,False
2023-02-21,17991.65,18035.9,17910.95,17946.1,3570000.0,-0.0014605769418022385,-0.0014616446240517198,18055.46,17956.675,0.0065862043189992515,0.10455275227158924,False
2023-02-22,17875.0,17886.55,17629.1,17662.05,6470000.0,-0.015827951476922508,-0.01595455115363637,17960.83,17940.482500000002,0.006935939160841094,0.11010462076955738,False
2023-02-23,17660.0,17728.0,17556.0,17623.0,9560000.0,-0.002210955126952907,-0.002213402896844736,17852.34,17920.0225,0.00689272348841004,0.10941859323759937,False
2023-02-24,17734.0,17796.0,17611.2,17659.0,689650.0,0.0020427849968791545,0.0020407013487549718,17772.5,17914.0475,0.006207657856267268,0.09854351347115718,False
2023-02-27,17600.55,17649.45,17495.5,17594.6,567750.0,-0.0036468656209299732,-0.0036535316470277207,17696.949999999997,17902.219999999998,0.006199734837998106,0.09841773945531784,False
2023-02-28,17590.05,17628.45,17450.0,17504.3,393600.0,-0.0051322564877860355,-0.00514547175158799,17608.59,17882.572500000002,0.006187898039836329,0.09822983610978588,False
2023-03-01,17526.0,17648.0,17509.3,17634.05,324950.0,0.007412464365898597,0.007385127059996403,17602.989999999998,17875.2675,0.006326074835599108,0.10042332474107434,False
2023-03-02,17594.95,17619.75,17482.9,17500.35,373250.0,-0.0075819224738503666,-0.007610811362897179,17578.46,17861.082499999997,0.006523726388906623,0.1035609458788582,False
2023-03-03,17587.3,17823.45,17574.6,17770.3,685600.0,0.015425405777598877,0.015307643680627089,17600.719999999998,17849.7525,0.00691351250416238,0.10974860863169436,False
2023-03-06,17807.25,17959.75,17807.25,17873.8,489800.0,0.005824324856642749,0.005807429049328643,17656.56,17848.170000000002,0.006972165847193106,0.11067970158702554,False
2023-03-07,17770.0,17864.5,17697.5,17717.8,,-0.00872785865344805,-0.008766169489046738,17699.26,17839.8925,0.0072346954901882895,0.11484723046991249,False
2023-03-08,17815.3,17904.65,17757.0,17894.25,400750.0,0.009958911377259128,0.009909648220947089,17751.3,17834.11,0.007418686460528132,0.1177679965759166,False
2023-03-09,17871.65,17917.3,17740.0,17749.75,540550.0,-0.00807521969347691,-0.008108000876131949,17801.18,17819.14,0.0075909706790877034,0.12050292375869495,False
2023-03-10,17621.85,17621.85,17477.0,17560.05,687700.0,-0.010687474471471448,-0.010744995731868124,17759.129999999997,17798.265,0.007881330076487473,0.12511223629679713,False
2023-03-13,17550.0,17674.6,17264.05,17305.85,1170000.0,-0.014476040785760924,-0.014581840950499886,17645.54,17768.457499999997,0.0084082971312461,0.13347757895289003,False
2023-03-14,17305.85,17380.0,17172.9,17226.15,1490000.0,-0.00460537910590908,-0.004616016536428854,17547.21,17727.629999999997,0.008122798580133973,0.1289454299574183,False
2023-03-15,17325.0,17362.05,17107.85,17134.85,798100.0,-0.005300081562043868,-0.005314176820398141,17395.329999999998,17677.6125,0.007955168092243652,0.12628437845875706,False
2023-03-16,17105.05,17224.4,17017.0,17143.55,1470000.0,0.0005077371555630705,0.0005076083006679346,17274.089999999997,17626.517499999998,0.007925020382464275,0.12580579840271075,False
2023-03-17,17264.0,17299.0,17120.0,17275.45,1080000.0,0.0076938557066652535,0.0076644089418432424,17217.170000000002,17587.379999999997,0.008227717402454506,0.13061096462767774,False
2023-03-20,17217.8,17225.05,16964.0,17121.6,2040000.0,-0.008905701443377878,-0.008945594227911491,17180.32,17544.842500000002,0.008347549143677638,0.1325132345463673,False
2023-03-21,17193.95,17275.6,17145.0,17252.15,1050000.0,0.0076248715073359286,0.007595949101298186,17185.52,17510.144999999997,0.008642708518108621,0.13719874435760993,False
2023-03-22,17261.6,17327.9,17237.3,17277.5,785550.0,0.0014693820770164123,0.001468303591514533,17214.05,17490.9175,0.00802242170455757,0.12735199645647732,False
2023-03-23,17245.0,17330.0,17165.0,17185.65,1410000.0,-0.005316162639270594,-0.005330343713467619,17222.47,17469.05,0.00807554740762481,0.12819534084772558,False
2023-03-24,17183.6,17209.9,17022.85,17047.9,2310000.0,-0.008015408203937535,-0.00804770428154093,17176.96,17438.495000000003,0.008173939711251323,0.12975727024563666,False
2023-03-27,17070.0,17210.5,17030.0,17114.1,4250000.0,0.0038831762269837533,0.0038756561597230515,17175.46,17414.47,0.00825391689631159,0.1310268686990074,False
2023-03-28,17135.0,17175.0,17030.0,17072.8,5200000.0,-0.0024132148345515914,-0.0024161313305027716,17139.59,17392.894999999997,0.008210639429301288,0.13033986020851504,False
2023-03-29,17090.0,17239.0,17052.0,17213.1,11680000.0,0.00821774987113999,0.008184168017409179,17126.71,17371.847499999996,0.008257019184681589,0.13107611600014074,False
2023-03-30,17183.75,17275.0,17140.2,17251.0,,0.0022018114110764486,0.002199390976573878,17139.78,17359.379999999997,0.00814653994250697,0.12932231240116723,False
2023-03-31,17295.0,17516.05,17270.15,17497.65,1460000.0,0.014297721871195934,0.014196473386441736,17229.73,17345.7475,0.008032262633862442,0.12750821636614007,False
2023-04-03,17569.8,17569.8,17450.0,17539.35,961300.0,0.002383177169505535,0.0023803419065241056,17314.78,17329.025,0.007920275847803032,0.12573048124990852,False
2023-04-04,17492.25,17579.25,17484.0,17539.2,,-8.552198342504091e-06,-8.552234912760841e-06,17408.06,17320.094999999998,0.007704579533342842,0.12230640840925941,False
2023-04-05,17564.0,17691.95,17547.2,17683.3,550050.0,0.008215882138295827,0.008182315506307882,17502.1,17309.547499999997,0.007589300245787169,0.12047640645212533,False
2023-04-06,17659.95,17776.55,17625.0,17709.65,523200.00000000006,0.0014901064846495338,0.0014889973776367308,17593.83,17307.5425,0.007389910986898124,0.11731120009341801,False
2023-04-07,17681.5,17729.2,17677.0,17714.75,,0.000287978587944826,0.00028793713007039775,17637.25,17315.2775,0.006956084866251391,0.11042442392856706,False
2023-04-10,17750.95,17814.2,17719.0,17742.95,427100.0,0.0015918937608490058,0.0015906280410590058,17677.969999999998,17337.1325,0.006002584009811873,0.09528806708241067,False
2023-04-11,17780.0,17866.4,17775.0,17846.25,360750.0,0.005822030722061333,0.005805148196558418,17739.379999999997,17368.1375,0.005918112409853028,0.09394712200437765,False
2023-04-12,17855.55,17930.0,17838.0,17914.35,360900.0,0.003815927715906664,0.0038086655325218237,17785.590000000004,17407.1125,0.005690261693213626,0.0903301040107234,False
2023-04-13,17900.0,17942.95,17835.0,17934.1,393700.0,0.0011024681330888964,0.001101860861387476,17830.48,17446.64,0.005682268871740133,0.09020322190336783,False
2023-04-14,17848.0,17929.8,17793.2,17825.2,,-0.0060722311127962,-0.006090742081434902,17852.57,17474.127500000002,0.005822951153333693,0.09243648388918613,False
2023-04-17,17914.3,17914.3,17705.55,17818.7,839250.0,-0.0003646522900163651,-0.00036471879182985596,17867.72,17508.9825,0.005303178956503705,0.08418535606187895,False
2023-04-18,17813.3,17836.75,17720.8,17772.25,526250.0,-0.002606811944754761,-0.0026102155954173104,17852.920000000002,17534.9875,0.005226040650688395,0.082960823419414,False
2023-04-19,17765.05,17772.9,17686.95,17711.7,470200.0,-0.0034069968630870973,-0.0034128138930596013,17812.39,17556.697500000002,0.005340010839560311,0.08477004407919492,False
2023-04-20,17730.75,17780.0,17672.9,17711.75,820050.0,2.822992710926897e-06,2.8229887262904733e-06,17767.920000000002,17583.0025,0.005123571189639095,0.0813341711539224,False
2023-04-21,17721.75,17747.3,17644.1,17714.65,815000.0,0.0001637331150226018,0.00016371971221909283,17745.809999999998,17616.34,0.00462441368218168,0.07341029137522327,False
2023-04-24,17750.0,17831.75,17694.05,17821.65,1800000.0,0.006040198366888516,0.006022029494420598,17746.4,17651.7175,0.004696942817921416,0.074561655711066,False
2023-04-25,17830.05,17889.5,17796.9,17852.5,2960000.0,0.0017310406163288938,0.0017295440923015533,17762.45,17690.7025,0.004580197079611066,0.07270837456989113,False
2023-04-26,17831.95,17902.95,17790.55,17892.05,4300000.0,0.00221537599775945,0.0022129256706170317,17798.52,17724.65,0.004359591922068902,0.06920637626112237,False
2023-04-27,17889.65,18000.0,17828.0,17991.75,6480000.0,0.005572307253780329,0.005556839384259167,17854.52,17761.6875,0.004434536709637514,0.07039608788092505,False
2023-04-28,18099.0,18185.7,18031.0,18167.25,515000.0,0.009754470799116177,0.009707203081309618,17945.04,17795.167500000003,0.0038562039584305896,0.06121534007250118,False
2023-05-01,18209.25,18279.25,18201.75,18240.2,,0.004015467393248873,0.004007426921037995,18028.75,17830.21,0.0038844388481481936,0.06166355505142987,False
2023-05-02,18235.5,18304.15,18217.75,18271.35,391450.0,0.0017077663622109274,0.001706309787327583,18112.52,17866.8175,0.003857335400594815,0.06123330116003754,False
2023-05-03,18225.35,18239.95,18166.0,18213.65,290650.0,-0.003157949467335275,-0.0031629463123836058,18176.84,17893.335,0.003737630302840906,0.059333041644096425,False
2023-05-04,18198.05,18379.45,18175.0,18358.95,388200.0,0.007977533333516362,0.007945881041180913,18250.28,17925.8,0.004009680023343394,0.0636516970722617,False
2023-05-05,18301.0,18334.45,18188.8,18200.85,553550.0,-0.008611603604781415,-0.008648897725588649,18257.0,17950.105000000003,0.0046328319233356705,0.07354392681064344,False
2023-05-08,18200.85,18409.0,18200.85,18381.55,515250.0,0.009928107753209403,0.009879147877353245,18285.27,17982.035,0.005013698187225692,0.07958999131280722,False
2023-05-09,18400.0,18448.6,18340.05,18369.8,347150.0,-0.000639227921475638,-0.0006394323147506688,18304.96,18008.2125,0.00494736623185951,0.0785370041655539,False
2023-05-10,18399.0,18417.7,18318.0,18401.0,671100.0,0.0016984398305914805,0.0016969991127467768,18342.43,18032.545000000002,0.0049168221487236605,0.07805213187754226,False
2023-05-11,18420.0,18448.95,18376.25,18406.15,496950.0,0.00027987609369062305,0.0002798369356828031,18351.870000000003,18056.1475,0.004922461169354073,0.07814164855489845,False
2023-05-12,18360.0,18425.0,18283.8,18394.85,485100.0,-0.0006139252369453674,-0.000614113766209511,18390.67,18084.629999999997,0.004634432066163864,0.07356932829055694,False
2023-05-15,18360.05,18525.0,18349.1,18473.95,545300.0,0.004300116608724869,0.00429089752660375,18409.15,18117.3925,0.004648545358849529,0.07379336986631616,False
2023-05-16,18425.15,18501.4,18375.0,18390.5,502850.0,-0.004517171476592807,-0.004527404724185164,18413.29,18148.305,0.004762472266067608,0.07560190345114276,False
2023-05-17,18389.85,18389.85,18230.0,18291.25,963850.0,-0.005396808134634723,-0.005411423511629961,18391.340000000004,18177.2825,0.0048942212358729555,0.0776933535087062,False
2023-05-18,18345.0,18386.65,18223.0,18245.05,734950.0,-0.0025257978541652903,-0.0025289930630004137,18359.12,18203.947500000002,0.004970333559808286,0.07890159919374665,False
2023-05-19,18277.0,18314.2,18163.6,18301.75,1290000.0,0.003107692223370151,0.003102873329071517,18340.5,18233.302499999998,0.0049723911234484,0.07893426200393723,False
2023-05-22,18295.15,18420.0,18270.0,18403.8,2400000.0,0.005575969511112389,0.005560481340821371,18326.469999999998,18262.41,0.004951826833510137,0.0786078140215456,False
2023-05-23,18424.95,18506.9,18420.55,18444.05,2990000.0,0.0021870483269759156,0.0021846602180894898,18337.18,18291.9875,0.004953414191053192,0.07863301254134959,False
2023-05-24,18400.05,18481.0,18354.2,18384.8,5230000.0,-0.0032124180968929883,-0.0032175889889219933,18355.889999999996,18316.625,0.005067767592038054,0.08044831650483195,False
2023-05-25,18349.9,18438.95,18290.0,18420.25,7740000.0,0.0019282233149122696,0.001926366678625991,18390.93,18338.05,0.004973414860466038,0.07895051332527682,False
2023-05-26,18495.0,18655.0,18483.8,18640.15,448250.0,0.01193794872490872,0.011867253496181717,18458.61,18361.695,0.00519055424203967,0.08239749414616998,False
2023-05-29,18740.0,18786.3,18720.7,18745.95,302650.0,0.005675919989914124,0.0056598726496929945,18527.04,18386.982500000002,0.005249247417433191,0.08332921942065769,False
2023-05-30,18745.95,18809.0,18724.05,18783.8,244450.0,0.0020191027928697647,0.002017067144487347,18594.989999999998,18412.605,0.005250727366600012,0.08335271288534825,False
2023-05-31,18740.05,18749.9,18647.0,18708.25,323300.0,-0.00402208285863348,-0.004030193188143882,18659.68,18437.335,0.0052935624796039,0.08403269922368606,False
2023-06-01,18702.0,18735.0,18633.8,18650.35,229150.0,-0.00309489129127527,-0.0030996903716403227,18705.7,18451.905,0.005141177403779271,0.08161366113878793,False
2023-06-02,18694.9,18750.0,18639.3,18718.75,301300.0,0.0036674914947978365,0.003660782645959596,18721.420000000002,18477.8,0.004669623362097224,0.07412797279467943,False
2023-06-05,18770.4,18803.65,18753.75,18774.7,229650.0,0.002988981636060206,0.0029845235117418015,18727.170000000002,18497.457499999997,0.004241944284528115,0.06733877791351923,False
2023-06-06,18762.0,18778.0,18687.4,18751.1,299150.0,-0.001257010764486366,-0.0012578014651997112,18720.629999999997,18516.5225,0.004257246093551609,0.06758168660123266,False
2023-06-07,18812.75,18881.0,18778.5,18874.0,367050.0,0.006554282148780732,0.006532896236876504,18753.78,18540.1725,0.004431876975965544,0.07035386591782687,False
2023-06-08,18885.0,18915.0,18776.8,18791.8,394850.0,-0.004355197626364382,-0.004364709125899746,18782.07,18559.454999999998,0.004604700439362208,0.07309735334701355,False
2023-06-09,18799.95,18817.05,18706.55,18719.55,293500.0,-0.0038447620770761803,-0.0038521721742625346,18782.230000000003,18575.69,0.0047212465981743956,0.07494746626187487,False
2023-06-12,18731.0,18787.0,18710.05,18770.05,183200.0,0.002697714421553865,0.002694082121143386,18781.3,18590.495,0.004673612446549642,0.07419129754719903,False
2023-06-13,18799.05,18860.0,18788.0,18856.9,255350.0,0.004627052138912902,0.004616380240124034,18802.46,18613.815,0.004571646763658782,0.0725726425120465,False
2023-06-14,18875.0,18908.5,18831.25,18896.2,336050.0,0.0020841177500012797,0.0020819489893822538,18806.9,18644.0625,0.004295795125283283,0.06819363350869874,False
2023-06-15,18865.5,18939.55,18818.6,18828.15,412650.0,-0.0036012531620113197,-0.0036077532845968075,18814.170000000002,18673.2175,0.0043569410633477485,0.06916429518350074,False
2023-06-16,18850.0,19030.0,18850.0,18977.6,523850.0,0.007937582821466727,0.007906245927842346,18865.78,18707.010000000002,0.004574319161246822,0.07261506550857995,False
2023-06-19,19003.5,19003.55,18880.0,18929.6,504350.0,-0.0025292976983390947,-0.002532501775612983,18897.690000000002,18733.3,0.0045835166838328065,0.07276107165322243,False
2023-06-20,18900.05,18970.0,18810.0,18954.9,617600.0,0.0013365311469868413,0.001335638784258634,18917.29,18758.842500000002,0.004579964030513099,0.07270467503015218,False
2023-06-21,18950.0,18992.8,18921.4,18981.95,567800.0,0.0014270716279167761,0.0014260543289251817,18934.440000000002,18788.7,0.0044509594299803066,0.0706567904841942,False
2023-06-22,18979.65,19000.0,18892.55,18916.95,1230000.0,-0.0034243057220149087,-0.0034301820756431384,18952.2,18813.535,0.004589508726771841,0.07285619238599386,False
2023-06-23,18899.75,18899.75,18790.0,18797.1,1400000.0,-0.006335587925114905,-0.006355742936622834,18916.1,18821.3825,0.004168528189409193,0.06617333353403446,False
2023-06-26,18790.05,18830.9,18753.0,18806.3,2230000.0,0.0004894372004191627,0.0004893174650996057,18891.44,18824.4,0.003981996446633028,0.06321223391600325,False
2023-06-27,18840.0,18930.0,18822.6,18919.3,4560000.0,0.00600862476935915,0.005990644970179538,18884.32,18831.175,0.004174850359611023,0.06627369487463605,False
2023-06-28,18975.0,19107.6,18947.5,19072.45,7610000.0,0.008094908373988519,0.008062320349785677,18902.42,18849.385000000002,0.004378512204634925,0.06950672643555098,False
2023-06-30,19160.0,19358.55,19159.6,19348.9,515049.99999999994,0.01449472930850515,0.014390684911444098,18988.809999999998,18884.3125,0.005206551998307638,0.08265145065389039,False
2023-07-03,19400.0,19505.15,19381.3,19495.65,399700.0,0.007584410483283177,0.0075557934465780765,19128.52,18923.157499999998,0.005350084258122241,0.08492995464139769,False
2023-07-04,19530.0,19586.65,19463.8,19548.75,370150.0,0.0027236845142377675,0.002719982007021871,19277.010000000002,18961.86,0.00534795923746731,0.08489622098429475,False
2023-07-05,19529.7,19575.0,19510.0,19562.05,286150.0,0.0006803504060362009,0.0006801190726179474,19405.56,19002.407499999998,0.00530253314709296,0.08417510415530789,False
2023-07-06,19535.0,19642.4,19530.05,19626.8,321300.0,0.0033099802934764,0.0033045143667901527,19516.43,19040.047499999997,0.0052089414806502626,0.08268938251013498,False
2023-07-07,19575.0,19654.7,19476.05,19492.3,515200.00000000006,-0.006852874640797313,-0.006876463415263687,19545.11,19075.072500000002,0.00539518730193002,0.0856459432651223,False
2023-07-10,19543.95,19566.25,19472.0,19505.15,269750.0,0.0006592346721527864,0.0006590174724281195,19547.010000000002,19114.3525,0.00523685103986787,0.0831324330274823,False
2023-07-11,19546.0,19649.0,19544.25,19599.6,321750.0,0.0048423108768709255,0.004830624600096105,19557.18,19155.83,0.005272204610742379,0.08369365356643459,False
2023-07-12,19623.45,19641.7,19550.9,19560.2,220200.0,-0.0020102451070428407,-0.0020122683616845827,19556.809999999998,19190.995000000003,0.005318613576509257,0.08443037305857179,False
2023-07-13,19625.0,19702.4,19554.0,19575.25,629600.0,0.0007694195355876232,0.000769123684122956,19546.5,19224.9475,0.00532363737665128,0.08451012341344549,False
2023-07-14,19620.75,19721.0,19575.0,19695.5,442650.0,0.0061429611371501824,0.006124170067325837,19587.140000000003,19268.315000000002,0.005250597213471696,0.08335064676848895,False
2023-07-17,19717.0,19835.0,19696.0,19816.4,688050.0,0.006138458023406512,0.006119694437127396,19649.39,19310.254999999997,0.005163021820021197,0.08196043049625702,False
2023-07-18,19853.0,19917.55,19805.0,19864.5,742050.0,0.0024272824529176784,0.002424341361143437,19702.370000000003,19357.0,0.005042760589129614,0.08005134264044715,False
2023-07-19,19879.05,19968.0,19849.15,19944.85,890950.0,0.004044904226131907,0.00403674559422251,19779.3,19406.497499999998,0.0050483456671143335,0.08014000300484996,False
2023-07-20,19941.7,20080.0,19900.9,20068.55,1450000.0,0.006202102297084178,0.006182948416055048,19877.96,19460.827500000003,0.005104509754017103,0.08103158024419646,False
2023-07-21,19950.0,20007.25,19855.05,19892.75,1850000.0,-0.008759975185053226,-0.008798569322103166,19917.409999999996,19509.6175,0.005565525948488208,0.08834998544986006,False
2023-07-24,19932.0,19932.0,19800.9,19811.5,2740000.0,-0.004084402608990678,-0.004092766563600816,19916.43,19560.3375,0.005396941633839637,0.08567379242082176,False
2023-07-25,19811.1,19845.0,19757.6,19815.95,3410000.0,0.00022461701536991008,0.00022459179274499636,19906.72,19610.82,0.005402830825678486,0.08576728044299423,False
2023-07-26,19845.1,19944.0,19832.5,19889.95,4440000.0,0.0037343654985000363,0.0037274100663676887,19895.739999999998,19659.3525,0.005351714674269945,0.0849558366953599,False
2023-07-27,19951.1,19988.4,19751.05,19811.4,9270000.0,-0.00394923064160535,-0.003957049445230601,19844.31,19696.3,0.005368787687415911,0.08522686237684848,False
2023-07-28,19902.0,19911.1,19805.8,19881.4,709500.0,0.003533319200056617,0.003527091692641764,19842.04,19722.925,0.004507535742887436,0.07155491160848962,False
2023-07-31,19895.0,19983.15,19840.05,19969.65,236850.0,0.004438822215739435,0.00442899970061367,19873.670000000002,19746.625,0.004330621421471235,0.06874648382149154,False
2023-08-01,19972.15,19987.3,19913.05,19932.9,158850.0,-0.0018402926440873602,-0.0018419880629591912,19897.06,19765.8325,0.004366799324343848,0.06932079022523223,False
2023-08-02,19872.05,19888.6,19643.0,19716.05,557800.0,-0.010878999041785353,-0.010938608070466425,19862.28,19773.5325,0.005110536109726065,0.08112724567530401,False
2023-08-03,19669.9,19713.0,19503.0,19580.05,705200.0,-0.006897933409582557,-0.006921834126024049,19816.010000000002,19771.195,0.005310909547546028,0.08430807539019214,False
2023-08-04,19605.8,19705.0,19594.25,19688.5,359500.0,0.005538800973439839,0.005523518221438755,19777.43,19781.004999999997,0.005204099903999093,0.08261252486350026,False
2023-08-07,19717.95,19789.0,19687.2,19767.55,304600.0,0.004015034156995112,0.004006995417379633,19737.010000000002,19794.125,0.005262804143105909,0.08354442576899172,False
2023-08-08,19774.75,19780.8,19700.0,19722.75,198800.0,-0.0022663405429604877,-0.0022689125794974276,19694.98,19800.282499999998,0.00520676053242797,0.082654761030424,False
2023-08-09,19710.0,19806.9,19627.5,19795.85,345400.0,0.0037063796884309053,0.00369952798801689,19710.940000000002,19812.065,0.005228616403203532,0.08300171222297742,False
2023-08-10,19791.0,19791.0,19653.95,19712.75,380150.0,-0.004197849549274157,-0.0042066852556736254,19737.48,19818.940000000002,0.005337582699978646,0.08473149855830509,False
2023-08-11,19700.0,19700.05,19607.3,19627.65,354550.0,-0.004317002954940308,-0.004326348117290407,19725.31,19815.5475,0.005253282198391304,0.08339326958271641,False
2023-08-14,19570.05,19617.1,19441.45,19595.95,459550.0,-0.0016150685385158958,-0.0016163741676843764,19690.989999999998,19804.525,0.00504606488497375,0.08010379671081776,False
2023-08-16,19525.8,19616.0,19470.05,19596.15,466200.0,1.020619056490979e-05,1.0206138482101244e-05,19665.670000000002,19791.107500000002,0.004999812105470815,0.07936955659875614,False
2023-08-17,19560.0,19580.3,19482.0,19510.0,585700.0,-0.004396271716638256,-0.004405963735404615,19608.5,19769.365,0.00493692532282927,0.07837125987302111,False
2023-08-18,19450.0,19487.1,19393.0,19438.7,688300.0,-0.0036545361353151895,-0.0036612302667708312,19553.69,19737.8725,0.004654573875133095,0.07388906959548228,False
2023-08-21,19424.05,19538.0,19419.85,19507.75,724100.0,0.003552192276232491,0.003545898142161244,19529.71,19718.6225,0.004465737227371773,0.07089138074513292,False
2023-08-22,19459.0,19534.85,19459.0,19489.15,482850.0,-0.0009534672117490484,-0.0009539220507500215,19508.35,19702.504999999997,0.0044051795412443796,0.06993005728033337,False
2023-08-23,19470.0,19559.5,19430.65,19539.75,523100.0,0.0025963164119522375,0.002592951804961374,19497.07,19688.695,0.004466017795106516,0.07089583461984515,False
2023-08-24,19618.9,19680.65,19495.25,19510.5,1120000.0,-0.0014969485280006412,-0.0014980700748533915,19497.170000000002,19669.7225,0.004344670470137799,0.06896950555506415,False
2023-08-25,19475.75,19475.75,19331.0,19364.95,1590000.0,-0.00746008559493605,-0.007488051204180887,19482.420000000002,19647.4,0.004538670160811364,0.07204915517073841,False
2023-08-28,19363.4,19464.4,19362.2,19421.25,2370000.0,0.002907314503781233,0.0029030964384865617,19465.120000000003,19624.392499999998,0.004506870760172195,0.07154435533514551,False
2023-08-29,19442.0,19474.7,19408.0,19436.4,2640000.0,0.0007800733732381548,0.000779769274140467,19454.57,19597.730000000003,0.004338748239944702,0.06887549306527728,False
2023-08-30,19475.0,19542.4,19430.6,19445.3,4000000.0,0.0004579037270275865,0.000457798921108767,19435.68,19573.35,0.004355298085835984,0.06913821372406594,False
2023-08-31,19452.35,19492.0,19388.35,19414.25,7120000.0,-0.001596786884234147,-0.0015980631071626002,19416.43,19558.260000000002,0.003721202401502199,0.05907225679506688,False
2023-09-01,19500.0,19620.0,19475.0,19606.1,279750.0,0.009881916633400545,0.009833409793811514,19464.659999999996,19559.5625,0.004134230491681506,0.06562887446165731,False
2023-09-04,19640.0,19713.7,19603.65,19703.45,207400.0,0.004965291414406936,0.004953005008598189,19521.1,19560.31,0.004096148931936543,0.06502434844192158,False
2023-09-05,19705.95,19756.85,19690.0,19748.9,209300.0,0.0023067026332952434,0.002304046278938146,19583.6,19559.377500000002,0.00402624034101097,0.06391458396534551,False
2023-09-06,19738.0,19770.0,19660.0,19755.0,258950.0,0.0003088779628230842,0.00030883026984574575,19645.54,19560.99,0.003992312289560229,0.06337599284569952,False
2023-09-07,19735.05,19884.95,19707.05,19871.95,451800.0,0.0059200202480385045,0.005902565781489264,19737.079999999998,19564.795000000002,0.004126307131314302,0.06550309501517991,False
2023-09-08,19894.65,20014.95,19880.25,19974.85,366100.0,0.005178153125385165,0.005164792592565962,19810.829999999998,19577.9,0.0041329763941753365,0.06560896628093041,False
2023-09-11,19971.5,20149.85,19971.5,20137.5,397200.0,0.008142739494914952,0.0081097662656835,19897.64,19603.3925,0.004278398366068739,0.06791746851769781,False
2023-09-12,20200.0,20227.15,20073.0,20150.35,418550.0,0.0006381129733084023,0.0006379094657943046,19977.93,19631.1125,0.004227186870228741,0.06710451122413628,False
2023-09-13,20101.3,20250.0,20101.3,20227.25,311550.0,0.003816310882937657,0.003809047242900474,20072.379999999997,19662.6675,0.004246747291939071,0.0674150232924468,False
2023-09-14,20260.0,20300.0,20202.35,20272.75,392150.0,0.002249440729708674,0.002246914525565474,20152.539999999997,19700.805,0.004006515552246847,0.0636014626509466,False
2023-09-15,20324.0,20370.0,20294.25,20352.35,419800.0,0.0039264529972500295,0.0039187645995303645,20228.04,19746.4875,0.003804168174974916,0.060389297618700453,False
2023-09-18,20319.75,20336.0,20272.0,20286.45,297600.0,-0.0032379553221125734,-0.003243208842955704,20257.829999999998,19785.422499999997,0.003985762262443548,0.06327201438871072,False
2023-09-20,20185.55,20210.0,20051.0,20087.75,919150.0,-0.009794715191667414,-0.00984299895702622,20245.309999999998,19815.3525,0.004744701452205706,0.07531980052669988,False
2023-09-21,19994.05,20039.25,19871.6,19897.1,1460000.0,-0.009490858856766038,-0.009536184069121283,20179.28,19833.22,0.0053341745809320565,0.08467739634569041,False
2023-09-22,19897.0,19941.35,19807.0,19822.65,1320000.0,-0.0037417513104923694,-0.0037487691734619955,20089.26,19848.8275,0.005410777349095499,0.08589342759148805,False
2023-09-25,19828.1,19884.7,19755.0,19820.35,2520000.0,-0.00011602888614803408,-0.00011603561801997723,19982.86,19871.5975,0.005057832060840305,0.08029059483667654,False
2023-09-26,19839.95,19842.8,19761.0,19793.55,2600000.0,-0.0013521456482856742,-0.0013530606220909988,19884.28,19890.2125,0.005070713417625413,0.08049508003629148,False
2023-09-27,19749.8,19852.0,19661.2,19828.9,4440000.0,0.001785935317313081,0.0017843424310801334,19832.510000000002,19909.8375,0.005073800425868175,0.08054408477292481,False
2023-09-28,19860.7,19860.7,19610.1,19637.1,9220000.0,-0.009672750379496775,-0.009719835302600328,19780.51,19919.427499999998,0.005609478071120198,0.08904770376632601,False
2023-09-29,19800.0,19903.0,19760.0,19826.6,294100.0,0.009650101084172302,0.009603836260723022,19781.3,19940.045,0.0059415145365152395,0.09431861924816712,False
2023-10-03,19770.0,19770.0,19666.0,19695.05,284950.0,-0.0066350256725812295,-0.006657135308353341,19756.239999999998,19944.4925,0.005798128884030146,0.09204244257986538,False
2023-10-04,19601.0,19638.0,19490.0,19590.05,317350.0,-0.005331288826380232,-0.005345550859250876,19715.539999999997,19938.822500000002,0.005813803326867501,0.09229126664598822,False
2023-10-05,19638.0,19730.0,19631.6,19689.15,273500.0,0.005058690508702224,0.005045938322033731,19687.59,19935.835,0.005909833096814238,0.09381569198441508,False
2023-10-06,19737.95,19804.25,19725.8,19792.15,366200.0,0.0052313075983472235,0.0052176718432986055,19718.6,19937.692499999997,0.006030553748136933,0.09573207291347263,False
2023-10-09,19699.95,19744.9,19627.8,19655.65,347150.0,-0.006896673681232257,-0.006920565648599914,19684.41,19926.877500000002,0.006061697977510742,0.09622647222765975,False
2023-10-10,19709.1,19862.95,19709.1,19850.1,475400.0,0.009892829797030211,0.009844216111346733,19715.420000000002,19920.64,0.006378733702716598,0.10125925834136598,False
2023-10-11,19920.0,19985.0,19903.4,19965.75,341650.0,0.005826167122583881,0.005809260645769951,19790.560000000005,19912.052499999998,0.006236930791026441,0.09900820690426393,False
2023-10-12,19965.9,19994.85,19925.0,19965.2,294000.0,-2.7547174536346475e-05,-2.7547553966727114e-05,19845.77,19902.795000000002,0.006232819722058008,0.09894294570758527,False
2023-10-13,19840.0,19938.95,19815.25,19866.4,475500.0,-0.00494861058241336,-0.004960895501372569,19860.620000000003,19884.7525,0.006225714210201669,0.09883014920372711,False
2023-10-16,19850.0,19920.0,19824.0,19868.2,375750.0,9.060524302340056e-05,9.060113861628757e-05,19903.129999999997,19864.525,0.006187173509030727,0.09821833453981291,False
2023-10-17,19937.45,19976.85,19896.3,19933.9,408950.0,0.003306791757683225,0.0033013363451194593,19919.89,19843.6025,0.006162765750075394,0.09783087337827558,False
2023-10-18,19921.5,19970.0,19795.15,19812.3,712800.0,-0.00610016103221156,-0.006118843028727143,19889.200000000004,19819.895,0.006249598785814504,0.09920930508717839,False
2023-10-19,19723.3,19800.1,19656.75,19750.9,1160000.0,-0.0030990849118980313,-0.0031038970202036382,19846.34,19803.0525,0.005934271529571957,0.09420364007746967,False
2023-10-20,19691.05,19705.0,19637.0,19654.15,1320000.0,-0.004898510953931234,-0.004910547983817653,19803.890000000003,19790.905,0.005664152317750776,0.08991563052455193,False
2023-10-23,19639.85,19665.9,19357.0,19381.35,4019999.9999999995,-0.013880020250176317,-0.013977248466064636,19706.519999999997,19768.840000000004,0.006369921444997935,0.10111936808689043,False
2023-10-25,19407.55,19451.0,19170.0,19224.95,6360000.0,-0.008069613313829938,-0.00810234887114664,19564.73,19739.07,0.006550591056066892,0.10398740924902176,False
2023-10-26,19149.8,19149.8,18950.0,18972.6,10440000.0,-0.013126171979641166,-0.013213081539386506,19396.79,19698.0225,0.007046566928922373,0.11186078214420453,False
2023-10-27,19119.85,19264.95,19119.3,19239.9,443500.0,0.014088738496568887,0.013990414650150808,19294.590000000004,19668.5725,0.007889505687978582,0.12524202010572527,False
2023-10-30,19230.3,19339.0,19124.35,19326.05,502900.0,0.004477674000384457,0.004467679043157817,19228.969999999998,19653.02,0.007749085223094248,0.12301291433131711,False
2023-10-31,19411.25,19411.25,19226.25,19261.8,396100.0,-0.0033245282921238184,-0.0033300668150306307,19205.06,19624.780000000002,0.007364428739222396,0.11690668195223643,False
2023-11-01,19251.4,19277.6,19157.05,19165.4,252400.0,-0.005004724376745595,-0.0050172899521488835,19193.15,19598.297499999997,0.007312485594374149,0.11608211009073803,False
2023-11-02,19300.0,19359.3,19250.0,19342.2,361100.0,0.009224957475450601,0.009182667438805468,19267.07,19585.905,0.00761222807716645,0.12084037449171493,False
2023-11-03,19443.95,19465.9,19390.6,19406.9,247250.0,0.003345017629845737,0.0033394355031181786,19300.47,19571.792500000003,0.0075545015446499145,0.11992399419718192,False
2023-11-06,19499.0,19593.2,19490.45,19589.55,320350.0,0.009411601028500138,0.009367587852334219,19353.170000000002,19561.6625,0.007781504281822051,0.12352755093411251,False
2023-11-07,19592.0,19594.95,19520.0,19581.5,180550.0,-0.0004109333802970738,-0.00041101783655665165,19417.11,19557.954999999998,0.007634011015516905,0.12118616791791227,False
2023-11-08,19600.9,19625.0,19576.85,19596.55,200150.0,0.0007685825907106647,0.00076828738236294,19503.34,19545.2775,0.007265279200667502,0.11533273182249808,False
2023-11-09,19590.0,19628.0,19580.0,19588.65,199500.0,-0.0004031321839812474,-0.00040321346360515034,19552.629999999997,19526.4225,0.007106284828464638,0.11280877441025236,False
2023-11-10,19518.0,19609.0,19493.0,19582.05,259600.00000000003,-0.0003369298037384505,-0.00033698657733761066,19587.66,19507.265,0.007104555877109193,0.11278132815835974,False
2023-11-13,19618.0,19633.85,19575.25,19603.3,202800.0,0.0010851774967379768,0.0010845891172639023,19590.41,19494.11,0.007053498556108485,0.11197081831449733,False
2023-11-15,19725.1,19865.0,19725.1,19830.95,578000.0,0.011612840695189197,0.011545929184267651,19640.3,19492.2475,0.0075683141672593865,0.12014326278345143,False
2023-11-16,19835.0,20035.7,19801.05,19936.4,808500.0,0.005317445709862589,0.005303358013729773,19708.27,19492.3725,0.007628596937495816,0.12110022209377726,False
2023-11-17,19880.0,19969.9,19861.25,19917.7,469400.0,-0.000937982785257141,-0.0009384229663862675,19774.08,19497.6425,0.007496313707008444,0.11900029091081432,False
2023-11-20,19891.0,19980.0,19833.0,19863.4,424900.0,-0.002726218388669377,-0.002729941289854622,19830.35,19503.267499999998,0.007487895085968957,0.11886664944489884,False
2023-11-21,19908.45,20005.0,19908.45,19952.55,432150.0,0.004488154092451291,0.0044781123635462255,19900.2,19518.1875,0.0074382133509268275,0.11807797635115677,False
2023-11-22,19952.05,20004.2,19867.25,19993.15,912950.0,0.0020348276285488964,0.002032760170948115,19932.640000000003,19548.7775,0.006590294790227102,0.10461768648927297,False
2023-11-23,19998.05,20027.85,19953.0,19980.25,804850.0,-0.0006452209881885329,-0.0006454292328310264,19941.410000000003,19586.5425,0.006216918695334064,0.09869052473377239,False
2023-11-24,19987.95,19999.8,19915.0,19937.95,1030000.0,-0.002117090626994167,-0.0021193348313711022,19945.46,19634.81,0.005219440972919158,0.08285605678275064,False
2023-11-28,19960.5,20074.0,19940.05,20053.15,3390000.0,0.00577792601546312,0.005761297821181784,19983.41,19675.4725,0.004533838693583214,0.07197245800621896,False
2023-11-29,20150.5,20267.0,20100.0,20252.6,5230000.0,0.009946068323430257,0.009896931727886167,20043.420000000002,19721.8,0.004840447568038973,0.07683972299567113,False
2023-11-30,20275.0,20291.6,20144.1,20270.6,8289999.999999999,0.0008887747745969232,0.0008883800481615616,20098.91,19772.239999999998,0.004668886035889182,0.07411626810398977,False
2023-12-01,20428.05,20525.0,20418.2,20492.8,339900.0,0.010961688356536214,0.010902044519651703,20201.42,19838.61,0.004671290871690241,0.07415444368883105,False
2023-12-04,20749.05,20943.6,20730.3,20915.45,736100.0,0.020624316833229406,0.020414515381172556,20396.92,19917.2725,0.005945641145100791,0.09438412712861996,False
2023-12-05,20933.85,21075.0,20922.1,21060.65,472100.0,0.006942236480687702,0.006918250105749243,20598.420000000002,19999.96,0.005981181646579681,0.09494831509892195,False
2023-12-06,21125.0,21175.0,21066.0,21161.1,430400.0,0.0047695583944464826,0.004758220088987593,20780.12,20078.5375,0.005853495967015151,0.09292136777424978,False
2023-12-07,21176.85,21176.85,21078.0,21152.25,248500.0,-0.00041822022484649946,-0.00041830770331576173,20956.45,20157.075,0.0058537774581709605,0.09292583630781699,False
2023-12-08,21178.6,21225.0,21074.85,21197.95,410100.0,0.0021605266579205473,0.002158196076452662,21097.48,20237.145,0.005823011198872765,0.09243743708256848,False
2023-12-11,21197.55,21239.0,21158.0,21207.15,269000.0,0.000434004231541385,0.00043391007894565207,21155.82,20318.07,0.005792995243665016,0.09196094856550592,False
2023-12-12,21235.0,21248.65,21120.1,21149.85,298950.0,-0.0027019189282860845,-0.002705575699585232,21173.659999999996,20396.46,0.005909009703922024,0.0938026210274705,False
2023-12-13,21210.0,21210.0,21028.65,21160.25,520200.00000000006,0.0004917292557631292,0.0004916083965510263,21173.49,20474.307500000003,0.00592522322869851,0.09406000275407671,False
2023-12-14,21222.0,21486.05,21222.0,21456.55,927200.0,0.014002670100778492,0.01390553840100621,21234.35,20555.5875,0.006111290935429464,0.09701373602825793,False
2023-12-15,21523.0,21725.85,21486.65,21691.25,1100000.0,0.010938384782269273,0.010878993356463605,21333.01,20643.329999999998,0.006303017987661391,0.10005730862711294,False
2023-12-18,21640.5,21681.85,21596.7,21611.7,677450.0,-0.003667377398720695,-0.0036741187142254397,21413.920000000002,20728.03,0.006449016590311378,0.10237496459336175,False
2023-12-19,21600.0,21729.9,21550.0,21663.4,1150000.0,0.002392222731205873,0.0023893659215841944,21516.629999999997,20818.030000000002,0.006262340279244523,0.09941157002486276,False
2023-12-20,21731.2,21819.25,21316.0,21371.45,2690000.0,-0.0134766472483544,-0.013568281471577546,21558.87,20888.975,0.007424353852233161,0.11785796363011998,False
2023-12-21,21299.0,21526.6,21220.55,21498.95,2170000.0,0.005965903109054427,0.005948177573381833,21567.35,20964.265,0.007436470970422527,0.11805031691813501,False
2023-12-22,21525.45,21632.9,21440.0,21561.55,3300000.0,0.0029117701097030046,0.002907539118243632,21541.41,21043.329999999998,0.00737024061203438,0.11699894257290872,False
2023-12-26,21561.55,21690.0,21520.05,21633.1,4480000.0,0.0033184070718477177,0.0033129133094388524,21545.690000000002,21128.0875,0.007237991752351228,0.11489955700954774,False
2023-12-27,21690.25,21879.1,21680.2,21854.1,6630000.0,0.010215826673015016,0.010163997800022523,21583.829999999998,21218.135000000002,0.007358735718819621,0.11681630805506907,False
2023-12-28,21895.1,21966.65,21861.75,21942.3,8010000.0,0.004035855972105873,0.004027733751466542,21698.0,21302.62,0.007239248508031335,0.11491950738747772,False
2023-12-29,22055.65,22064.75,21965.0,22016.15,409350.0,0.003365645351672386,0.003359994243556352,21801.439999999995,21389.8975,0.007203610198356983,0.11435376676020746,False
2024-01-01,21975.0,22155.45,21947.0,22018.65,441450.0,0.00011355300540749624,0.00011354655875299775,21892.86,21466.190000000002,0.007071986596688735,0.11226430686012259,False
2024-01-02,21970.05,22001.95,21815.0,21896.35,519100.0,-0.005554382307725647,-0.0055698652478642875,21945.51,21515.235,0.00611749635373702,0.09711224398999543,False
2024-01-03,21859.85,21859.85,21720.0,21738.1,515850.0,-0.007227231935916234,-0.0072534748957296,21922.31,21549.1075,0.0063683852290869385,0.10109498141532684,False
2024-01-04,21778.05,21940.0,21773.25,21914.2,389950.0,0.008100983986641053,0.008068347157672325,21916.69,21586.7625,0.00649780787970595,0.10314950230066708,False
2024-01-05,21937.95,21963.95,21817.7,21928.2,425450.0,0.0006388551715326152,0.0006386511904391456,21899.1,21625.56,0.006483354264291508,0.10292005826907277,False
2024-01-08,21928.0,21945.0,21705.0,21718.3,568000.0,-0.00957214910480575,-0.009618256591783088,21839.03,21651.5775,0.006964175440408367,0.11055285781166557,False
2024-01-09,21800.0,21938.0,21732.0,21751.6,671500.0,0.0015332691785268082,0.0015320949214880748,21810.079999999998,21678.8,0.006961847657245542,0.11051590539953605,False
2024-01-10,21725.0,21870.0,21641.0,21843.45,452050.0,0.004222677871972724,0.0042137873867504096,21831.15,21713.48,0.006924895008025564,0.10992930027880965,False
2024-01-11,21884.0,21909.4,21768.35,21819.6,377150.0,-0.0010918604890711725,-0.001092457002981147,21812.23,21746.447500000002,0.006947701140072995,0.11029133640139846,False
2024-01-12,21891.0,22130.85,21867.0,22089.3,965400.0,0.012360446570973016,0.012284679951867248,21844.449999999997,21778.085,0.006801043696159916,0.107963221654336,False
2024-01-15,22180.0,22286.8,22135.0,22274.0,804300.0,0.00836151439837396,0.008326750587829099,21955.59,21807.2225,0.006634726630225166,0.10532302008284032,False
2024-01-16,22251.0,22277.7,22113.25,22175.9,803800.0,-0.004404238125168325,-0.004413965353092332,22040.45,21835.432500000003,0.006666011588342789,0.10581965339657813,False
2024-01-17,22010.0,22044.0,21722.0,21741.85,2200000.0,-0.019573050022772653,-0.019767138949126656,22020.129999999997,21839.355,0.008127627683485421,0.1290220895965585,False
2024-01-18,21650.0,21726.7,21467.2,21675.8,3030000.0,-0.0030379199562134973,-0.003042543802000524,21991.37,21854.572500000002,0.007514328394458887,0.1192862652084569,False
2024-01-19,21710.0,21845.3,21709.95,21814.9,1490000.0,0.006417294863396039,0.006396791696543661,21936.49,21870.370000000003,0.007531527282131382,0.11955928908610702,False
2024-01-23,21806.65,21916.0,21307.0,21352.3,6680000.0,-0.02120568968915748,-0.021433760353643347,21752.15,21859.9075,0.00896301423667257,0.14228344000660226,False
2024-01-24,21346.1,21640.0,21287.05,21612.35,9130000.0,0.012179015843726493,0.012105448347741521,21639.44,21858.87,0.009368836108298844,0.14872566250008568,False
2024-01-25,21611.0,21611.0,21394.05,21488.55,9210000.0,-0.005728206326475305,-0.005744675422702483,21588.78,21840.5925,0.009128530988703934,0.14491093698874308,False
2024-01-29,21700.0,22016.65,21691.7,21992.2,619750.0,0.023438063526854958,0.02316760990304259,21652.06,21843.0875,0.010584682897814056,0.16802663192456693,False
2024-01-30,22072.45,22083.05,21755.05,21774.95,451450.0,-0.009878502378115828,-0.009927618512992219,21644.07,21831.0275,0.010786396472877461,0.1712287356586681,False
2024-01-31,21740.05,21975.0,21713.8,21945.55,403350.0,0.007834690780001763,0.007804158958097007,21762.72,21827.372499999998,0.010946326170200015,0.17376754089688398,False
2024-02-01,21973.65,22051.05,21870.95,21894.55,458100.0,-0.0023239335537272865,-0.0023266380782109505,21819.159999999996,21827.2825,0.01088541540300738,0.1728006124439368,False
2024-02-02,22010.0,22333.75,22010.0,22087.75,849200.0,0.008824113763470809,0.008785408796323318,21939.0,21844.765000000003,0.010912154278882532,0.17322507893935526,False
2024-02-05,22050.55,22169.0,21911.0,21947.65,588200.0,-0.00634288236692282,-0.006363083914616484,21930.09,21846.4375,0.010885273474290793,0.17279835939540888,False
2024-02-06,21968.45,22150.0,21930.75,22120.05,455600.0,0.007855055097014896,0.007824364763137668,21999.11,21856.03,0.011021679804571813,0.17496374275847998,False
2024-02-07,22200.0,22244.95,22047.85,22146.0,404300.0,0.0011731438220077273,0.0011724562265072386,22039.2,21877.415,0.010764085281973042,0.17087455648314745,False
2024-02-08,22210.0,22228.85,21912.3,21951.85,728550.0,-0.008766820193262914,-0.0088054748461665,22050.66,21887.427499999998,0.010982949259223959,0.17434891441168598,False
2024-02-09,21900.0,22008.0,21823.05,21989.45,496600.0,0.0017128396923267175,0.0017113744553263735,22031.0,21894.7275,0.01095266018056697,0.17386809019427998,False
2024-02-12,21949.4,22041.1,21813.4,21842.0,544550.0,-0.006705488313714092,-0.006728071109539678,22009.870000000003,21895.847499999996,0.011064002000220646,0.17563558678623017,False
2024-02-13,21872.95,21981.6,21780.0,21965.25,506700.0,0.0056427982785458575,0.0056269373311177515,21978.909999999996,21889.645,0.010770587756495378,0.17097778006610326,False
2024-02-14,21839.95,22093.0,21753.6,22057.1,853750.0,0.0041816050352261325,0.0041728864216390785,21961.129999999997,21878.8,0.01063487366710897,0.1688233856865591,False
2024-02-15,22074.7,22169.95,21996.25,22149.6,655900.0,0.004193660998045967,0.004184892109046085,22000.68,21877.484999999997,0.01063977307670998,0.168901161402811,False
2024-02-16,22165.05,22277.65,22165.05,22242.25,718550.0,0.004182919781847039,0.00417419569254549,22051.239999999998,21902.504999999997,0.00961722055850869,0.1526686434088302,False
2024-02-19,22299.95,22399.0,22201.5,22312.05,673350.0,0.003138171722734784,0.0031332579393675126,22145.249999999996,21934.317499999997,0.00957363654019328,0.15197676856723347,False
2024-02-20,22307.0,22372.75,22225.4,22359.15,701700.0,0.002110966943871251,0.0021087419838134104,22224.030000000002,21961.53,0.009505193503469437,0.15089026904236136,False
2024-02-21,22397.95,22409.0,22175.0,22211.8,1350000.0,-0.0065901431852285475,-0.006611954056148214,22254.97,22004.504999999997,0.008151206041675844,0.12939638442912887,False
2024-02-22,22218.5,22410.0,22093.6,22383.2,2290000.0,0.0077166190943553925,0.0076869982733721995,22301.69,22043.0475,0.007915777875140301,0.1256590781474912,False
2024-02-23,22413.0,22464.95,22353.8,22374.3,1660000.0,-0.00039761964330398136,-0.00039769871495534117,22328.1,22087.335,0.00773727392844384,0.122825415841477,False
2024-02-26,22335.3,22374.95,22241.9,22291.8,2950000.0,-0.003687266193802663,-0.003694080916750515,22324.05,22102.315,0.005965331971642577,0.0946967093094532,False
2024-02-27,22178.0,22373.05,22178.0,22348.85,4250000.0,0.0025592370288625155,0.002555967758481468,22321.989999999998,22131.010000000002,0.005429415546684036,0.08618929980572256,False
2024-02-28,22360.25,22371.55,22045.0,22075.7,5990000.0,-0.01222210538797286,-0.012297409530520675,22294.769999999997,22137.5175,0.005985724309312418,0.09502042763420714,False
2024-02-29,22074.95,22199.55,22022.0,22160.5,9090000.0,0.0038413277948150526,0.003833968734888686,22250.23,22150.815000000002,0.006001523192655814,0.09527122713212201,False
2024-03-01,22344.0,22593.0,22337.45,22579.2,607500.0,0.018893978023961644,0.01871770370873741,22291.21,22175.3875,0.007055746964972856,0.11200651069870164,False
2024-03-02,22502.45,22547.0,22443.5,22502.0,1380000.0,-0.0034190759637188206,-0.0034249343612908936,22333.25,22203.105,0.006921904936112509,0.1098818343587048,False
2024-03-04,22890.3,22890.3,22605.45,22639.85,372650.0,0.006126122122477984,0.00610743372245757,22391.45,22229.095,0.006845722785325791,0.10867248020676272,False
2024-03-05,22605.05,22659.95,22500.35,22580.95,973200.0,-0.0026016073428047903,-0.002604997404203446,22492.5,22250.842500000002,0.006897881426285265,0.10950047296297397,False
2024-03-06,22551.25,22746.9,22470.85,22735.55,519799.99999999994,0.00684647900110491,0.006823148292019936,22607.510000000002,22290.0275,0.006612494996763422,0.10497010384256922,False
2024-03-07,22732.85,22756.0,22673.5,22692.6,301900.0,-0.0018891119854149707,-0.0018908986079029064,22630.19,22325.184999999998,0.006663167798434728,0.10577450963131227,False
2024-03-11,22725.0,22725.9,22548.0,22574.85,596350.0,-0.005188916210570826,-0.005202425388549536,22644.760000000002,22361.8275,0.0065717235370560505,0.10432287698472045,False
2024-03-12,22574.85,22688.95,22534.05,22601.45,452000.0,0.0011783024028952926,0.0011776087494544988,22637.079999999998,22393.6375,0.006505230655725855,0.1032673352169855,False
2024-03-13,22617.75,22640.55,22190.0,22259.75,1510000.0,-0.015118499034354027,-0.015233948635281947,22572.84,22403.769999999997,0.0074424819885382815,0.11814573887249856,False
2024-03-14,22250.0,22485.0,22200.05,22421.8,809200.0,0.007279955974348384,0.007253585003845814,22510.09,22417.38,0.00755460619864283,0.1199256555278157,False
2024-03-15,22339.85,22353.0,22170.0,22295.55,1750000.0,-0.005630680855239101,-0.005646592897217352,22430.68,22420.045000000002,0.007630560877955476,0.12113139868205325,False
2024-03-18,22275.0,22373.25,22185.4,22298.25,1130000.0,0.00012110039895851799,0.00012109306689714176,22375.359999999997,22419.355000000003,0.007598074563028576,0.12061569442019623,False
2024-03-19,22260.0,22260.0,22040.0,22055.95,1350000.0,-0.010866323590416282,-0.010925793288310965,22266.260000000002,22404.195,0.007953788407739843,0.1262624766462482,False
2024-03-20,22080.0,22149.85,21963.95,22076.15,1370000.0,0.000915852638403658,0.0009154335012684015,22229.54,22397.4125,0.007835069760900839,0.12437787655311554,False
2024-03-21,22202.0,22308.0,22185.0,22266.55,1580000.0,0.008624692258387245,0.008587712076448366,22198.489999999998,22391.579999999998,0.007886294562675693,0.12519104507184461,False
2024-03-22,22240.0,22420.4,22122.7,22335.35,2490000.0,0.0030898365485447776,0.0030850728138482977,22206.45,22389.6325,0.0079209123947326,0.12574058611914926,False
2024-03-26,22260.0,22322.95,22210.0,22260.55,3650000.0,-0.003348951326036964,-0.0033545716150868597,22198.909999999996,22388.07,0.007913109791699695,0.1256167236359251,False
2024-03-27,22265.0,22380.0,22254.2,22331.8,4810000.0,0.003200729541722902,0.0031956181108908433,22254.079999999998,22387.2175,0.007925492122142282,0.12581328703794017,False
2024-03-28,22340.0,22640.0,22340.0,22488.2,12600000.0,0.007003465909599882,0.006979055547383914,22336.489999999998,22407.8425,0.007521770131759824,0.1194043991257802,False
2024-04-01,22658.0,22784.95,22657.95,22739.0,2550000.0,0.011152515541483998,0.011090784784812208,22430.98,22436.767499999998,0.007840446639667584,0.12446323185739484,False
2024-04-02,22701.1,22745.0,22651.2,22719.3,221050.0,-0.0008663529618716526,-0.0008667284624919724,22507.769999999997,22443.7725,0.006666222076557476,0.10582299479339796,False
2024-04-03,22699.65,22768.0,22597.65,22685.7,346400.0,-0.0014789188047166224,-0.001480013484560286,22592.8,22452.9575,0.006622761291306747,0.10513307621605589,False
2024-04-04,22780.0,22805.0,22568.1,22755.3,712800.0,0.003068012007564125,0.0030633152627191863,22677.5,22458.73,0.006518753062359438,0.1034819967674628,False
2024-04-05,22710.0,22750.0,22650.0,22728.2,310650.0,-0.0011909313434671498,-0.0011916410657425364,22725.5,22466.0925,0.006493577639346377,0.10308234931680232,False
2024-04-08,22752.35,22900.0,22752.35,22879.85,662700.0,0.00667232776902682,0.006650166314472181,22753.670000000002,22473.3075,0.006484511225986379,0.10293842446659911,False
2024-04-09,22935.0,22977.3,22842.1,22870.1,421450.0,-0.00042613915738087815,-0.00042622998047470574,22783.829999999998,22482.182500000003,0.006466310928716656,0.1026495037044203,False
2024-04-10,22898.45,22959.9,22888.05,22944.0,349200.0,0.0032312932606328726,0.0032260838516336037,22835.489999999998,22500.64,0.006355787718045169,0.10089500212719738,False
2024-04-12,22865.0,22904.9,22736.5,22746.3,898550.0,-0.008616631799163166,-0.008653969609777786,22833.69,22507.8825,0.006695859952321111,0.10629348148535081,False
2024-04-15,22699.95,22699.95,22496.0,22510.9,1220000.0,-0.010348935870888809,-0.010402858457939207,22790.23,22520.440000000002,0.006181462911862851,0.09812768162014969,False
2024-04-16,22365.0,22404.95,22270.15,22356.4,866300.0,-0.006863341758881258,-0.0068870028136824475,22685.54,22517.17,0.0061835586526458,0.09816095047369451,False
2024-04-18,22375.0,22493.95,22178.3,22206.1,2690000.0,-0.006722907087008734,-0.006745607626476456,22552.74,22512.6975,0.006239287643116165,0.09904562077130216,False
2024-04-19,22072.05,22313.8,21963.1,22275.45,2340000.0,0.003123015747925173,0.0031181492636830604,22419.030000000002,22511.5575,0.006282930359814313,0.09973842742083744,False
2024-04-22,22325.0,22531.0,22325.0,22496.55,2540000.0,0.009925725406220609,0.009876788947266638,22369.079999999998,22533.5875,0.0061138467560985475,0.09705430842357436,False
2024-04-23,22549.95,22550.0,22465.0,22485.7,3430000.0,-0.00048229617430217697,-0.0004824125165111556,22364.04,22554.065,0.006122933096321521,0.09719854960292063,False
2024-04-24,22535.0,22596.0,22479.05,22509.75,4710000.0,0.001069568659192166,0.0010689970781609353,22394.71,22566.225,0.005850701900752895,0.09287701334739039,False
2024-04-25,22435.2,22715.0,22435.15,22653.95,11650000.0,0.006406112906629291,0.006385680978411411,22484.280000000002,22582.155,0.005971923684448502,0.09480134950624383,False
2024-04-26,22791.35,22797.9,22642.85,22667.05,439880.0,0.0005782656004802433,0.0005780984693555768,22562.6,22602.48,0.005894975499648091,0.09357983494132548,False
2024-04-29,22705.05,22853.75,22670.0,22840.65,459430.0,0.00765869400738084,0.007629515097296817,22631.420000000002,22627.9225,0.006067441885014347,0.09631765393250953,False
2024-04-30,22855.0,22944.7,22802.35,22818.5,396930.0,-0.0009697622440693054,-0.0009702327676962782,22697.98,22644.4375,0.0059224337154388206,0.09401572060389236,False
2024-05-02,22851.05,22900.0,22777.05,22873.4,305950.0,0.0024059425466178563,0.002403052900802171,22770.71,22651.1575,0.005414713470932417,0.08595591158855126,False
2024-05-03,22940.0,22977.5,22584.95,22688.3,910580.0,-0.008092369302333813,-0.008125290248724314,22777.579999999998,22649.607500000002,0.00572919052728336,0.0909480800933927,False
2024-05-06,22702.7,22790.95,22618.8,22656.6,483480.0,-0.0013971959115491872,-0.001398172899892261,22775.489999999998,22648.1525,0.005728148810853107,0.0909315433577261,False
2024-05-07,22640.0,22697.15,22425.0,22494.05,816180.0,-0.007174509855847666,-0.007200370417154429,22706.170000000002,22635.09,0.005890413279477496,0.09350741194133917,False
2024-05-08,22480.0,22599.0,22399.05,22504.7,786950.0,0.00047345853681313166,0.0004733464906848267,22643.41,22623.915,0.005892797559749605,0.09354526121727443,False
2024-05-09,22507.0,22507.05,22161.05,22189.4,1490000.0,-0.014010406715041723,-0.014109478912930469,22506.609999999997,22589.3925,0.006367712976010443,0.10108430972857581,False
2024-05-10,22235.0,22342.0,22170.35,22252.85,887650.0,0.0028594734422742185,0.002855392924993772,22419.52,22558.53,0.006439173023789672,0.10221870281917962,False
2024-05-13,22229.0,22339.0,22015.2,22311.9,1490000.0,0.0026535926858808345,0.00265007812491213,22350.579999999998,22526.925,0.0064188166146515865,0.10189555484218568,False
2024-05-14,22325.0,22469.9,22267.0,22418.55,1640000.0,0.004779960469525113,0.0047685727326831845,22335.48,22510.5375,0.006321744563653134,0.10035458380500438,False
2024-05-15,22438.3,22485.0,22325.15,22390.35,916330.0,-0.0012578868838528656,-0.0012586786876285225,22312.61,22504.51,0.005905028348147513,0.09373941896390914,False
2024-05-16,22420.25,22590.3,22267.9,22552.65,2029999.9999999998,0.007248658462239543,0.007222513206813919,22385.26,22514.322500000002,0.0059165513748354924,0.09392234134171207,False
2024-05-17,22583.0,22644.0,22512.5,22602.45,1220000.0,0.0022081662243682576,0.002205731808402431,22455.18,22534.14,0.005678636183227038,0.09014555476099055,False
2024-05-18,22530.25,22549.7,22502.1,22543.9,770750.0,-0.0025904271439600723,-0.0025937881058267385,22501.58,22547.5625,0.005704586921514515,0.09055750996007367,False
2024-05-21,22637.65,22775.45,22613.4,22705.4,1050000.0,0.007163800407205434,0.007138262283215155,22558.95,22558.004999999997,0.00549697379102235,0.08726175368691046,False
2024-05-22,22693.8,22777.0,22646.15,22754.1,971380.0,0.0021448642173225174,0.002142567279893362,22631.7,22571.425,0.005504240117681862,0.08737710304662662,False
2024-05-23,22762.15,23109.85,22747.85,23091.75,2840000.0,0.014839083945310971,0.01473006194036062,22739.52,22600.525,0.006359700452280784,0.10095711485759973,False
2024-05-24,23105.0,23185.0,23045.5,23109.15,1670000.0,0.0007535158660560981,0.0007532321155073123,22840.859999999997,22623.285,0.0062452411255719585,0.09914012937537905,False
2024-05-27,23150.0,23271.25,23032.6,23100.45,3340000.0,-0.0003764742537046839,-0.00037654513792781673,22952.170000000002,22644.955,0.006252389817725215,0.09925361134520032,False
2024-05-28,23114.95,23145.05,23025.65,23044.0,3560000.0,-0.002443675339657947,-0.0024466659873488986,23019.890000000003,22655.1225,0.006089188910101941,0.09666287725333306,False
2024-05-29,22969.95,22999.95,22842.2,22863.0,5860000.0,-0.007854539142509998,-0.007885548518046607,23041.670000000002,22657.3475,0.006362785738432857,0.10100609225689086,False
2024-05-30,22827.65,22827.95,22567.25,22627.35,12030000.0,-0.01030704631938073,-0.010360531756630674,22948.79,22645.045,0.006745553802773589,0.10708234690526976,False
2024-05-31,22804.0,22924.0,22757.0,22841.7,521600.0,0.009473049208148732,0.009428461245631221,22895.3,22652.715,0.006850298795701481,0.10874512211946828,False
2024-06-03,23396.0,23600.0,23295.0,23542.05,894900.0,0.03066102785694569,0.030200371010675714,22983.62,22696.9875,0.009611752540075022,0.1525818413071914,False
2024-06-04,23539.95,23539.95,21410.45,22063.0,2780000.0,-0.06282587964939335,-0.06488618652553188,22787.42,22675.435,0.0173425097608715,0.2753038076218574,True
2024-06-05,22133.0,22845.0,21970.05,22783.3,1220000.0,0.03264741875538224,0.03212581411675321,22771.48,22689.364999999998,0.018891869417321502,0.29989912967603644,True
2024-06-06,22850.0,23105.0,22830.0,23033.1,1060000.0,0.01096417112534187,0.010904500365195212,22852.629999999997,22731.55,0.01868648729037966,0.29663878948628275,True
2024-06-07,23017.4,23458.0,22980.4,23444.6,1140000.0,0.017865593428587623,0.01770787938074227,22973.21,22791.1375,0.01901954504672838,0.30192591745940195,True
2024-06-10,23500.0,23530.0,23351.6,23382.85,721580.0,-0.0026338687800175897,-0.002637343515064598,22941.370000000003,22844.684999999998,0.019058210867208034,0.30253971833076654,True
2024-06-11,23387.9,23568.0,23350.55,23439.65,706200.0,0.0024291307518118366,0.0024261851828575364,23216.7,22895.739999999998,0.019050806218557096,0.30242217317750936,True
2024-06-12,23440.05,23600.95,23437.2,23476.95,1300000.0,0.0015913206895152854,0.0015900558803803554,23355.43,22950.07,0.01903261479751075,0.3021333933210084,True
2024-06-13,23510.2,23594.8,23495.15,23521.4,621950.0,0.0018933464525843213,0.001891556331379837,23453.09,22998.5075,0.01900064455655391,0.30162588147944874,True
2024-06-14,23585.0,23609.0,23480.4,23588.55,858580.0,0.0028548470754290456,0.002850779738760962,23481.879999999997,23047.8125,0.01900106588458224,0.3016325698545487,True
2024-06-18,23620.0,23728.95,23620.0,23688.55,790450.0,0.004239344936420419,0.004230384229766413,23543.019999999997,23105.045000000002,0.01896965976962876,0.3011340132356671,True
2024-06-19,23704.7,23788.0,23550.35,23624.6,1290000.0,-0.0026996164813802848,-0.002703267017465321,23580.010000000002,23151.004999999997,0.018974455748769298,0.3012101470442606,True
2024-06-20,23654.6,23738.95,23567.0,23700.3,1100000.0,0.003204287056712163,0.003199164269278441,23624.68,23198.315000000002,0.018975887721535634,0.30123287890720424,True
2024-06-21,23710.1,23743.65,23550.0,23612.3,1890000.0,-0.003713033168356472,-0.003719943587057047,23642.859999999997,23224.342500000002,0.01877865627667303,0.29810192678423386,True
2024-06-24,23511.2,23694.0,23470.0,23669.8,3910000.0,0.0024351714995998197,0.0024322112742805,23659.11,23252.375,0.018779910691502408,0.2981218400023105,True
2024-06-25,23743.95,23848.65,23692.1,23831.65,4130000.0,0.006837827104580585,0.00681455519080924,23687.73,23288.934999999998,0.018813848788799277,0.2986605905948199,True
2024-06-26,23826.35,24000.0,23780.8,23972.5,5230000.0,0.005910207644036269,0.0058928108788476085,23757.309999999998,23335.359999999997,0.01880902170305526,0.29858396298420475,True
2024-06-27,23953.6,24121.1,23899.85,24095.85,12120000.0,0.005145479194910818,0.005132286452806254,23836.420000000002,23397.0025,0.018669245934369135,0.2963650914446665,True
2024-06-28,24218.1,24336.85,24210.5,24236.0,581130.0,0.005816354268473711,0.005799504584237248,23961.16,23477.435,0.01841998849853339,0.2924082523187364,True
2024-07-01,24211.05,24328.35,24190.0,24311.1,264150.0,0.0030986961544807734,0.003093905090368308,24089.420000000002,23550.905,0.018368181637947765,0.29158584390283704,True
2024-07-02,24336.8,24400.0,24237.0,24319.05,468850.0,0.00032701111837796226,0.00032695766189578266,24186.9,23589.754999999997,0.017204303641824847,0.2731098534978684,True
2024-07-03,24412.0,24485.0,24374.2,24462.5,449030.0,0.00589866791671545,0.005881338887187636,24284.9,23709.73,0.008052858440723102,0.12783516466416422,False
2024-07-04,24502.2,24565.0,24455.0,24471.0,368500.0,0.0003474706182933218,0.0003474102643584412,24359.93,23794.114999999998,0.004869382736965565,0.07729905456241158,False
2024-07-05,24415.0,24530.0,24365.4,24497.25,475630.0,0.0010726982959421427,0.0010721233662390937,24412.18,23867.3225,0.004574445590956591,0.07261707251800222,False
2024-07-08,24475.05,24515.35,24412.6,24493.35,234900.0,-0.00015920154303039613,-0.00015921421694120304,24448.629999999997,23919.760000000002,0.003024444001949986,0.04801156010040368,False
2024-07-09,24495.95,24630.0,24489.2,24607.2,603280.0,0.004648200429912652,0.004637430906003181,24506.260000000002,23980.9775,0.0028455835702098304,0.04517223876975911,False
2024-07-10,24590.0,24618.0,24341.65,24480.5,718180.0,-0.005148899509086813,-0.005162200769711658,24509.86,24033.02,0.003327491045333263,0.052822282774476995,False
2024-07-11,24500.0,24535.0,24367.4,24513.85,464550.0,0.0013623087763730002,0.0013613816756746682,24518.43,24084.864999999998,0.0033300165471301974,0.05286237387261901,False
2024-07-12,24534.7,24705.45,24502.45,24643.0,964150.0,0.005268450284227066,0.005254620552930072,24547.579999999998,24140.945,0.0034001177666671267,0.05397519623360135,False
2024-07-15,24700.0,24752.0,24662.0,24736.3,508150.0,0.0037860650083187952,0.003778915903164713,24596.17,24198.332499999997,0.0034139257935262893,0.05419439186459642,False
2024-07-16,24754.25,24800.0,24715.45,24757.25,455030.0,0.0008469334540734952,0.0008465750083078768,24626.18,24251.767499999998,0.0034011367408675213,0.053991371947561165,False
2024-07-18,24700.0,24950.0,24646.0,24924.15,1640000.0,0.006741459572448427,0.00671883754726438,24714.91,24316.745000000003,0.0033378188952963087,0.052986232309958234,False
2024-07-19,24935.85,24950.0,24635.25,24657.2,1810000.0,-0.010710495643783235,-0.010768265871052372,24743.58,24364.59,0.004479218935451048,0.0711053962260897,False
2024-07-22,24574.4,24722.0,24512.4,24627.7,2029999.9999999998,-0.0011964051068247272,-0.0011971213707660982,24740.519999999997,24415.359999999997,0.004343862583426083,0.06895668075110388,False
2024-07-23,24625.0,24680.0,24184.1,24582.45,5570000.0,-0.0018373619948269804,-0.0018390520148132672,24709.75,24460.9925,0.004431535269504893,0.07034844149592927,False
2024-07-24,24557.95,24600.0,24385.0,24492.2,7680000.0,-0.0036713183592359533,-0.0036780741887527703,24656.74,24494.019999999997,0.004438617772939055,0.0704608727524086,False
2024-07-25,24368.0,24480.0,24308.7,24455.4,10290000.0,-0.001502519169368166,-0.0015036490832486633,24562.989999999998,24518.165,0.004348769610543781,0.06903457739168435,False
2024-07-26,24589.95,25044.0,24568.15,25022.65,853300.0,0.023195286112678515,0.02293036426707371,24636.08,24564.504999999997,0.006562408746622096,0.10417500927070289,False
2024-07-29,25099.55,25180.0,24957.0,25024.7,550050.0,8.192577524757105e-05,8.192241951452553e-05,24715.480000000003,24603.94,0.006507758576181099,0.10330746471013787,False
2024-07-30,25000.0,25130.0,24900.05,25051.5,333800.0,0.0010709419093934969,0.0010703688602052845,24809.29,24640.96,0.006499339138444367,0.10317381027955555,False
2024-07-31,25055.0,25150.0,25033.0,25132.95,276680.0,0.0032513023172264788,0.003246028262453182,24937.44,24681.655000000002,0.0065039549993576905,0.10324708479993425,False
2024-08-01,25192.9,25239.9,25110.0,25147.6,371130.0,0.000582900137070963,0.0005827303167750422,25075.88,24715.91,0.006430132602276003,0.10207519057674543,False
2024-08-02,24936.0,25007.45,24801.0,24835.8,633150.0,-0.01239879749956252,-0.012476303913193012,25038.51,24734.15,0.007133313381973778,0.11323783939555027,False
2024-08-05,24729.95,24729.95,24053.25,24231.15,1430000.0,-0.02434590389679403,-0.02464716511733743,24879.8,24720.845,0.009075457294579639,0.1440684182138687,False
2024-08-06,24372.0,24522.95,24132.4,24179.85,758980.0,-0.0021171095882780433,-0.0021193538328830815,24705.47,24705.170000000002,0.00908206836412053,0.1441733656893008,False
2024-08-07,24400.0,24521.15,24346.8,24499.25,569300.0,0.01320934579825761,0.013122863143759399,24578.73,24699.7725,0.00953322379637412,0.15133523614757388,False
2024-08-08,24400.0,24490.0,24250.05,24272.0,676200.0,-0.009275794156964001,-0.009319082231042589,24403.609999999997,24689.347499999996,0.00968988842675412,0.1538222100549259,False
2024-08-09,24550.0,24569.0,24452.95,24529.4,495700.0,0.01060481212920239,0.010548975519986981,24342.33,24690.125,0.009993151376386872,0.15863636013445492,False
2024-08-12,24460.0,24656.9,24410.0,24492.3,604030.0,-0.0015124707493865408,-0.0015136156878733543,24394.56,24682.59,0.009922606499437886,0.15751649493039488,False
2024-08-13,24492.0,24527.7,24266.0,24292.2,597200.0,-0.008169914626229402,-0.008203471273672165,24417.030000000002,24660.385000000002,0.010025642000582476,0.15915213280383186,False
2024-08-14,24332.0,24359.45,24260.35,24307.65,307900.0,0.0006360066194086578,0.0006358044529136364,24378.71,24637.905000000002,0.010023865285352578,0.15912392832393854,False
2024-08-16,24424.9,24725.0,24372.3,24707.75,1150000.0,0.016459838775035873,0.01632584398458558,24465.859999999997,24627.085,0.010629431339678906,0.16873699141695908,False
2024-08-19,24725.0,24779.95,24663.4,24723.5,525850.0,0.0006374518116785133,0.0006372487255728947,24504.68,24630.4,0.010348253270886554,0.16427342795205924,False
2024-08-20,24755.15,24886.0,24750.0,24841.15,752000.0,0.004758630452808221,0.004747343962243994,24574.45,24641.072500000002,0.010391990697942362,0.1649677380819122,False
2024-08-21,24829.0,24932.0,24813.65,24922.85,708780.0,0.0032888976557041705,0.003283501061136805,24700.579999999998,24658.092500000002,0.010394969447369942,0.16501502426313233,False
2024-08-22,24950.0,24992.5,24933.7,24966.25,906130.0,0.0017413738797931178,0.0017398594461737098,24832.3,24681.795000000002,0.010344435293498107,0.16421281943997265,False
2024-08-23,24960.25,25008.6,24918.0,24965.65,1000000.0,-2.4032443799115732e-05,-2.403273258292001e-05,24883.88,24707.3075,0.010330810395007658,0.16399653088170726,False
2024-08-26,25035.2,25197.0,25003.2,25165.5,3210000.0,0.00800499886844519,0.00797312883176621,24972.28,24714.45,0.009105328601748602,0.14454261051450168,False
2024-08-27,25151.55,25211.95,25105.2,25133.7,3410000.0,-0.0012636347380341473,-0.0012644337976269687,25030.79,24719.9,0.00911218160925228,0.14465139863602722,False
2024-08-28,25125.0,25256.0,25094.25,25161.6,5350000.0,0.00111006338103814,0.0011094477162590078,25078.54,24725.405000000002,0.009112369740960106,0.14465438513430304,False
2024-08-29,25150.0,25290.0,25113.0,25265.2,10780000.0,0.004117385221925618,0.004108931986931942,25138.33,24732.017499999998,0.009129380846966047,0.14492442807041028,False
2024-08-30,25421.05,25519.85,25400.0,25498.45,402130.0,0.00923206624131212,0.009189711201222028,25244.89,24749.56,0.009345670465255205,0.14835791931735948,False
2024-09-02,25519.85,25543.05,25425.95,25467.8,286730.0,-0.001202033849116324,-0.00120275687125967,25305.35,24781.16,0.0088391600550896,0.14031731582677842,False
2024-09-03,25425.05,25520.0,25425.05,25481.95,173850.0,0.0005556035464391318,0.0005554492559356459,25375.0,24843.7,0.0064750359448210336,0.1027880090412036,False
2024-09-04,25325.0,25400.0,25298.65,25378.15,395450.0,-0.004073471614221003,-0.004081790799379017,25418.31,24903.615,0.006563263079287213,0.10418857138131579,False
2024-09-05,25400.0,25450.0,25361.7,25372.8,284950.0,-0.00021081126874900047,-0.00021083349256792545,25439.829999999998,24947.292500000003,0.006072119711106528,0.09639191211960743,False
2024-09-06,25340.0,25349.0,24992.55,25043.5,854330.0,-0.01297846512801104,-0.0130634212740223,25348.840000000004,24985.8675,0.006470051758883014,0.10270888754232296,False
2024-09-09,25047.0,25128.0,24951.05,25113.5,404700.0,0.0027951364625551367,0.002791237332676507,25277.98,25015.072500000002,0.006123454883715914,0.0972068327210175,False
2024-09-10,25150.0,25297.8,25054.25,25212.45,449750.0,0.003940111892010378,0.003932369980484863,25224.08,25051.08,0.006117939863759573,0.09711928449333727,False
2024-09-11,25200.0,25267.3,25042.75,25069.55,411980.0,-0.005667834740376354,-0.005683957866704167,25162.359999999997,25089.947500000002,0.005933284769571781,0.09418797574808464,False
2024-09-12,25110.0,25540.0,25110.0,25481.45,1220000.0,0.016430290930631086,0.01629677419475769,25184.090000000004,25148.6375,0.006788667741516402,0.10776675946499349,False
2024-09-13,25460.05,25550.0,25432.0,25495.15,472030.0,0.0005376460130801508,0.0005375015332461453,25274.420000000002,25188.0075,0.005930265303720623,0.09414004321367815,False
2024-09-16,25495.2,25607.0,25495.2,25565.2,421180.0,0.0027475814027373424,0.002743813700755742,25364.760000000002,25230.0925,0.005931263300636168,0.0941558859235646,False
2024-09-17,25565.2,25595.0,25511.9,25571.65,384800.0,0.0002522960899973281,0.0002522642686909624,25436.6,25266.6175,0.005894112810755549,0.09356614017971455,False
2024-09-18,25564.7,25631.95,25428.0,25519.8,814680.0,-0.0020276360735425047,-0.0020296945105439516,25526.65,25296.465,0.005927398524097038,0.09409453449799235,False
2024-09-19,25598.0,25754.0,25542.95,25611.75,1410000.0,0.003603084663672984,0.0035966091041242767,25552.71,25328.739999999998,0.00595090593321408,0.09446770304893923,False
2024-09-20,25650.0,25921.15,25572.4,25887.4,3880000.0,0.010762638242213018,0.010705133286653647,25631.16,25374.827500000003,0.006303526247289274,0.10006537699857394,False
2024-09-23,25900.0,26075.0,25900.0,26043.85,3980000.0,0.006043480612189622,0.006025292028017386,25726.890000000003,25418.745000000003,0.00621711391378753,0.09869362373064759,False
2024-09-24,26055.9,26130.0,26025.5,26081.35,4630000.0,0.001439879280521028,0.0014388436483541308,25828.829999999998,25466.1275,0.006177746540144364,0.09806868604807013,False
2024-09-25,26065.05,26155.0,26005.65,26126.7,4970000.0,0.0017387903616952194,0.0017372804158004513,25950.21,25514.3825,0.006175273275755059,0.09802942419306646,False
2024-09-26,26105.5,26336.45,26105.5,26308.85,9880000.0,0.006971795136775816,0.00694760454255854,26089.629999999997,25566.565000000002,0.006261556580022682,0.09939912918540077,False
2024-09-27,26399.0,26499.0,26399.0,26459.15,452080.0,0.005712906493442471,0.0056966497293362,26203.98,25614.6,0.006096209568280922,0.09677432674682251,False
2024-09-30,26399.0,26401.4,26086.0,26123.8,671900.0,-0.012674254463956758,-0.012755257994461016,26219.97,25647.4,0.006888570709104648,0.10935266990984857,False
2024-10-01,26101.0,26192.95,26027.2,26098.5,332480.0,-0.0009684655371730022,-0.0009689348029242846,26223.4,25678.2275,0.006905588750678203,0.10962282294467846,False
2024-10-03,25940.0,25960.0,25588.55,25623.5,969550.0,-0.01820027970956184,-0.018367942252869883,26122.76,25690.495,0.008095379800630681,0.12851017032650658,False
2024-10-04,25560.05,25770.0,25280.0,25327.2,899650.0,-0.011563603723144689,-0.01163098211702046,25926.43,25688.215,0.008534853375356944,0.1354865970455681,False
2024-10-07,25350.0,25449.05,25033.05,25126.85,778930.0,-0.007910467797466847,-0.007941921533508258,25659.97,25692.3825,0.008199619369923954,0.1301649221892415,False
2024-10-08,25140.2,25335.0,25080.0,25273.95,540550.0,0.005854295305619317,0.005837225507548563,25490.0,25700.405,0.008278765123988405,0.1314213220847288,False
2024-10-09,25308.0,25490.0,25190.55,25230.4,546780.0,-0.0017231180721651862,-0.0017246043477080525,25316.38,25701.302499999998,0.008246335700478058,0.13090652094611138,False
2024-10-10,25362.0,25406.0,25250.0,25266.3,394180.0,0.0014228866763903447,0.0014218753323816957,25244.940000000002,25711.14,0.008138478100975358,0.1291943346343561,False
2024-10-11,25298.65,25298.65,25152.0,25189.3,244850.0,-0.0030475376291740908,-0.0030521908282457122,25217.359999999997,25696.532499999998,0.007237634447567593,0.11489388497194922,False
2024-10-14,25235.0,25400.0,25224.75,25363.45,332750.0,0.006913649843385938,0.006889860152428537,25264.68,25689.947500000002,0.007426099156589407,0.11788566947785244,False
2024-10-15,25401.05,25422.65,25215.2,25265.55,358430.0,-0.0038598849919865286,-0.00386735357283217,25263.0,25674.965,0.007433511451411923,0.11800333601032047,False
2024-10-16,25233.65,25320.0,25116.55,25196.0,485650.0,-0.0027527601813536196,-0.0027565559932351664,25256.12,25656.1825,0.007446524155205714,0.11820990627905797,False
2024-10-17,25200.05,25223.1,24956.6,24985.05,637600.0,-0.008372360692173397,-0.008407605764796247,25199.87,25629.445,0.007638150644193307,0.12125188248589974,False
2024-10-18,24916.0,25136.1,24788.0,25089.55,756280.0,0.004182501135679084,0.004173778790159506,25179.920000000002,25603.335,0.0076577240290444,0.12156260033769024,False
2024-10-21,25129.5,25163.95,24865.6,24924.7,828400.0,-0.006570464595817671,-0.006592145117903294,25092.17,25555.2,0.007224850246793037,0.11469094207618806,False
2024-10-22,24921.0,25070.0,24644.55,24673.15,1220000.0,-0.010092398303690686,-0.010143671829057675,24973.690000000002,25486.665,0.007195747180519032,0.11422894522168536,False
2024-10-23,24650.0,24811.7,24593.0,24619.55,1130000.0,-0.0021724019835327457,-0.0021747650717270466,24858.4,25413.575,0.0071320814011637595,0.1132182823064904,False
2024-10-24,24699.95,24699.95,24529.05,24593.9,819130.0,-0.0010418549486078676,-0.001042398056734199,24780.170000000002,25336.935,0.007064589219917674,0.11214687714437976,False
2024-10-25,24593.95,24602.8,24211.35,24333.3,2180000.0,-0.01059612342898042,-0.010652662093294147,24628.920000000002,25238.157499999998,0.006849060073923939,0.10872545802086642,False
2024-10-28,24400.0,24630.75,24297.5,24482.05,3020000.0,0.006113022072632868,0.006094413351709797,24540.39,25139.302499999998,0.006879052384248789,0.1092015711870494,False
2024-10-29,24502.05,24634.35,24301.65,24612.3,4190000.0000000005,0.005320224409312235,0.005306122011928894,24528.219999999998,25063.7275,0.00684123966414681,0.10860131286434102,False
2024-10-30,24595.0,24660.0,24458.75,24506.5,4590000.0,-0.004298663676291947,-0.004307929494283712,24505.61,24984.127500000002,0.0068309082889097825,0.10843730736687023,False
2024-10-31,24472.75,24479.95,24322.0,24388.3,6350000.0,-0.004823210168730774,-0.004834879384069013,24464.489999999998,24922.3675,0.005862895857753658,0.09307058641372139,False
2024-11-01,24540.0,24559.3,24505.0,24525.05,108750.0,0.005607196893592459,0.005591535083716806,24502.839999999997,24882.260000000002,0.005713546278928748,0.09069973534982369,False
2024-11-04,24524.95,24524.95,24051.0,24263.4,635830.0,-0.010668683652021005,-0.010726002096881054,24459.11,24839.0875,0.0059041836781438635,0.0937260102432917,False
2024-11-05,24285.0,24460.0,24131.05,24439.85,459230.0,0.0072722701682368385,0.007245954716567236,24424.620000000003,24797.3825,0.00600766142312104,0.09536866851992794,False
2024-11-06,24439.85,24811.5,24439.85,24734.9,679700.0,0.012072496353291884,0.012000205012226046,24470.3,24772.607500000002,0.006746509779129507,0.10709752255945185,False
2024-11-07,24745.0,24745.0,24435.0,24451.2,470150.0,-0.011469623891748104,-0.011535907346133953,24482.879999999997,24731.8525,0.0071119174737701955,0.112898189882464,False
2024-11-08,24437.95,24533.0,24315.0,24374.7,339630.0,-0.0031286808009423073,-0.0031335853552476173,24452.810000000005,24691.1225,0.007112801262214983,0.11291221958908301,False
2024-11-11,24338.0,24579.0,24250.0,24378.6,570780.0,0.00016000196925491927,0.00015998917030505646,24475.85,24641.88,0.0068415705508665225,0.10860656552817598,False
2024-11-12,24417.0,24470.95,24075.2,24114.35,590350.0,-0.010839424741371562,-0.010898599306400848,24410.75,24584.32,0.0071162891080351585,0.11296758742499212,False
2024-11-13,24080.0,24090.0,23756.3,23805.55,868830.0,-0.012805653065498301,-0.012888352210353348,24224.879999999997,24514.7975,0.007494563303601917,0.11897250411816805,False
2024-11-14,23800.0,23904.9,23710.0,23745.2,544650.0,-0.0025351231120472884,-0.0025383419779423,24083.68,24452.805,0.007379220538666192,0.117141494488865,False
2024-11-18,23745.0,23786.7,23540.15,23661.5,910380.0,-0.003524922931792518,-0.0035311501104866535,23941.039999999997,24381.4025,0.007210325108584188,0.11446036265543132,False
2024-11-19,23725.0,23990.0,23636.0,23686.05,923350.0,0.001037550451154834,0.0010370125677074795,23802.53,24319.469999999998,0.00720723914114023,0.1144113744409668,False
2024-11-21,23686.05,23686.05,23433.45,23501.95,1120000.0,-0.007772507446366039,-0.007802870817718475,23680.05,24260.91,0.007096787252509068,0.11265800506603404,False
2024-11-22,23575.0,24095.0,23529.95,24022.9,2560000.0,0.022166245779605465,0.021924145655986178,23723.52,24231.077500000003,0.008976526680530159,0.14249794340291366,False
2024-11-25,24354.55,24500.0,24265.0,24421.55,3760000.0,0.016594582669036573,0.016458397144773276,23858.79,24222.46,0.0098184072156485,0.15586238258020835,False
2024-11-26,24406.0,24480.05,24275.0,24356.9,3100000.0,-0.0026472521195418652,-0.0026507622876692986,23997.870000000003,24223.64,0.00953678778603507,0.15139181272948238,False
2024-11-27,24349.9,24524.0,24297.85,24437.55,4660000.0,0.0033111767096796196,0.003305706835232982,24148.170000000002,24221.415,0.009463979173213614,0.1502360118325074,False
2024-11-28,24460.25,24510.0,24056.05,24115.25,12000000.0,-0.013188719818476025,-0.013276463320599601,24270.829999999998,24196.5625,0.009809985664826248,0.15572869460543332,False
2024-11-29,24225.0,24523.0,24225.0,24465.4,532000.0,0.01451985776635123,0.014415454036326132,24359.329999999998,24194.5075,0.010361319098801015,0.1644808415400682,False
2024-12-02,24400.0,24631.0,24330.05,24585.1,438700.0,0.004892623868810508,0.004880693881452813,24392.04,24204.3475,0.010352675411891764,0.1643436272642327,False
2024-12-03,24574.0,24745.0,24510.0,24707.1,409080.0,0.004962355247690731,0.004950083344506365,24462.079999999998,24213.45,0.010336769317923511,0.1640911258504102,False
2024-12-04,24710.0,24814.0,24602.0,24721.8,514000.0,0.0005949706764452056,0.000594793751565556,24518.93,24236.37,0.010002225438132116,0.15878040639900987,False
2024-12-05,24680.65,25085.0,24566.95,24929.75,998780.0,0.008411604333017797,0.008376423934016542,24681.829999999998,24260.864999999998,0.010043087978851579,0.15942907912310156,False
2024-12-06,24927.35,25011.75,24866.2,24951.1,448280.0,0.0008564065022713674,0.0008560399954604182,24778.97,24271.675,0.009702005673051196,0.15401456537658778,False
2024-12-09,24901.15,24944.45,24830.0,24865.15,313450.0,-0.0034447379073466733,-0.0034506846776093296,24834.98,24292.3725,0.00934103319286587,0.1482843049003364,False
2024-12-10,24870.15,24935.0,24775.0,24856.65,295380.0,-0.0003418439060290934,-0.0003419023479761998,24864.89,24316.47,0.009298761962107962,0.14761326991514812,False
2024-12-11,24865.05,24960.0,24840.95,24909.75,266100.0,0.002136249253217981,0.0021339707172189056,24902.480000000003,24343.0275,0.009299638429707215,0.14762718340694708,False
2024-12-12,24912.55,24937.7,24807.4,24829.3,274480.0,-0.0032296590692399985,-0.0032348856745612366,24882.390000000003,24378.775,0.008933058337234664,0.1418079048453305,False
2024-12-13,24807.4,25043.1,24424.8,25006.7,1370000.0,0.007144784589175002,0.007119381543518529,24893.510000000002,24438.8325,0.00834617951591091,0.13249149237961033,False
2024-12-16,24950.0,25025.0,24856.0,24921.55,604400.0,-0.003405087436567089,-0.0034108979407251844,24904.79,24497.65,0.008376000759446755,0.13296488994470557,False
2024-12-17,24899.85,24899.85,24575.0,24608.2,1140000.0,-0.012573455503369524,-0.0126531702934531,24855.1,24544.985,0.008941234363516267,0.1419376952388536,False
2024-12-18,24580.05,24647.0,24405.0,24441.2,985230.0,-0.00678635576758968,-0.006809487794066563,24761.39,24582.7425,0.009154235438964587,0.14531898248660696,False
2024-12-19,24242.0,24244.7,24120.0,24204.45,1310000.0,-0.00968651293717171,-0.009733732378854755,24636.42,24617.8675,0.009266797913178098,0.1471058563689694,False
2024-12-20,24200.0,24285.1,23750.0,23793.4,2760000.0,-0.016982414390742218,-0.01712826926024139,24393.760000000002,24606.392499999998,0.008797717567575948,0.13965943673274028,False
2024-12-23,23855.75,24074.5,23840.0,23941.5,2700000.0,0.006224415173955666,0.006205123513310716,24197.75,24582.39,0.008011155238033349,0.12717314684501219,False
2024-12-24,23950.0,24041.5,23878.6,23929.25,5520000.0,-0.0005116638472943968,-0.0005117947919090328,24061.96,24561.0075,0.008001731565143494,0.12702355067559193,False
2024-12-26,23985.0,24026.5,23809.5,23919.75,6130000.0,-0.00039700366706019175,-0.00039708249387973603,23957.670000000002,24535.1175,0.007942865503829354,0.12608908092219734,False
2024-12-27,24089.0,24259.0,24088.95,24132.6,261680.0,0.008898504374000415,0.008859145998746099,23943.3,24535.984999999997,0.0076965220639330185,0.12217850004773,False
2024-12-30,24086.1,24212.65,23915.25,23962.3,365700.0,-0.007056844268748419,-0.007081861559154925,23977.079999999998,24510.83,0.007048538613521639,0.1118920816668856,False
2024-12-31,23867.25,24000.0,23750.0,23952.85,335850.0,-0.00039436948873861066,-0.0003944472728365568,23979.35,24479.2175,0.006913171760966812,0.1097431995011559,False
2025-01-01,23910.05,24100.0,23855.0,24039.75,216600.0,0.0036279607645854917,0.003621395588939206,24001.45,24445.85,0.0068559676752328515,0.10883511279218262,False
2025-01-02,24062.0,24444.0,24008.45,24410.85,527780.0,0.015436932580413565,0.01531899531445977,24099.67,24430.302499999998,0.00781348189336424,0.12403517978008728,False
2025-01-03,24370.1,24400.0,24213.0,24234.15,452180.0,-0.007238584481900401,-0.007264910151871914,24119.98,24395.5225,0.007644951788883879,0.12135984731079066,False
2025-01-06,24276.0,24286.0,23801.0,23857.35,716030.0,-0.015548306831475567,-0.01567044948260036,24098.989999999998,24340.835,0.008247940432886285,0.1309319952833492,False
2025-01-07,23919.95,24017.45,23877.0,23934.4,371330.0,0.003229612677015714,0.0032244086795809755,24095.3,24294.2975,0.00832981741994632,0.13223175215850985,False
2025-01-08,23952.0,23975.7,23737.05,23922.9,632180.0,-0.0004804799786082281,-0.0004805954461011768,24071.93,24247.61,0.008328534043349167,0.13221137918662282,False
2025-01-09,23911.0,23911.0,23755.05,23789.3,512030.0,-0.005584607217352544,-0.00560025943777503,23947.620000000003,24191.5875,0.008311514980339739,0.1319412099370011,False
2025-01-10,23770.3,23822.45,23567.75,23640.15,904880.0,-0.006269625419831559,-0.00628936205875147,23828.82,24132.129999999997,0.008357740625973028,0.13267501931223558,False
2025-01-13,23453.05,23550.0,23250.0,23298.05,1100000.0,-0.014471143372609796,-0.014576871613187586,23716.96,24046.697500000002,0.008453179565890645,0.1341900655147175,False
2025-01-14,23348.0,23471.2,23335.75,23399.6,818100.0,0.004358733885453825,0.004349262118212897,23610.0,23970.6,0.008634025252641078,0.1370609017916395,False
2025-01-15,23420.05,23479.7,23341.05,23400.65,370650.0,4.487256192420297e-05,4.48715551809128e-05,23505.55,23910.2225,0.008362897826677302,0.13275688733538413,False
2025-01-16,23529.7,23550.9,23480.0,23508.65,667580.0,0.004615256413817548,0.004604638774154223,23449.420000000002,23863.594999999998,0.008442082268022772,0.1340139013724183,False
2025-01-17,23469.85,23480.0,23290.0,23402.6,792680.0,-0.00451110548670397,-0.004521311227408019,23401.91,23823.502500000002,0.00826868231363921,0.1312612624325252,False
2025-01-20,23457.8,23580.0,23360.0,23534.3,534150.0,0.005627579841556152,0.005611804172338552,23449.16,23810.5475,0.007579032627185037,0.12031341305985672,False
2025-01-21,23598.95,23598.95,23190.0,23235.9,1810000.0,-0.01267936586174212,-0.012760435020421701,23416.420000000002,23775.267499999998,0.007866948263649054,0.12488393209576075,False
2025-01-22,23279.95,23349.0,23150.1,23331.3,1230000.0,0.004105715724374681,0.004097310272645747,23402.55,23745.370000000003,0.007963562819124574,0.1264176406166644,False
2025-01-23,23321.05,23449.0,23264.3,23394.3,882530.0,0.002700235306219545,0.0026965962203185883,23379.68,23719.0975,0.008010677952605356,0.127165570173731,False
2025-01-24,23400.15,23508.95,23210.0,23246.65,1850000.0,-0.006311366443962796,-0.006331367316793676,23348.489999999998,23674.8,0.007730645062646542,0.12272018585923256,False
2025-01-27,23125.05,23150.0,22931.0,22968.4,3400000.0,-0.011969466568301224,-0.012041677428700827,23235.31,23625.105,0.007979180360826087,0.12666556140525873,False
2025-01-28,23099.95,23279.9,22986.35,23101.25,5960000.0,0.005784033715887871,0.0057673704160578435,23208.38,23582.525,0.008165527702521908,0.12962373374688943,False
2025-01-29,23168.65,23319.9,23101.25,23279.35,5590000.0,0.007709539527081866,0.007679972893411469,23197.989999999998,23544.504999999997,0.0083564852494474,0.13265509082770424,False
2025-01-30,23310.7,23458.8,23269.05,23418.3,7860000.0,0.0059688092665817205,0.0059510664917045005,23202.79,23494.877500000002,0.007573683286648059,0.12022849491142248,False
2025-01-31,23568.0,23785.0,23563.8,23765.15,501450.0,0.014811066559058617,0.01470245384618028,23306.49,23471.427499999998,0.008343735602188072,0.13245269645199237,False
2025-02-01,23584.0,23715.35,23422.95,23555.55,11320000.0,-0.00881963715777101,-0.008858760362416573,23423.92,23456.3375,0.007844575612362037,0.12452877726691305,False
2025-02-03,23575.0,23595.0,23451.0,23581.25,342230.0,0.0010910379931694525,0.001090443243774998,23519.92,23438.68,0.007803996069253096,0.12388459699061574,False
2025-02-04,23666.0,23932.7,23642.1,23923.45,585150.0,0.01451152928703947,0.014407244720920814,23648.74,23438.707499999997,0.008515214886934262,0.13517484570661828,False
2025-02-05,23935.0,23991.65,23897.65,23915.8,238430.0,-0.0003197699328483239,-0.0003198210701550401,23748.239999999998,23445.032499999998,0.008413092525957537,0.13355370348395917,False
2025-02-06,23964.6,23964.6,23805.05,23835.3,211730.0,-0.0033659756311726907,-0.0033716532712597547,23762.269999999997,23454.79,0.008318296036258402,0.13204885586252432,False
2025-02-07,23852.45,23934.1,23671.0,23765.7,395930.0,-0.0029200387660318627,-0.002924310396807702,23804.3,23478.172499999997,0.0075980264562540535,0.12061493074882565,False
2025-02-10,23746.0,23752.1,23540.0,23610.6,366530.0,-0.006526212146076182,-0.006547600978054314,23810.170000000002,23488.7225,0.007735014966053464,0.1227895559252411,False
2025-02-11,23568.4,23594.6,23203.5,23293.8,675000.0,-0.013417702218495031,-0.013508532993475547,23684.239999999998,23483.379999999997,0.008336987070826104,0.13234556683780024,False
2025-02-12,23283.8,23375.0,23040.0,23265.8,846830.0,-0.001202036593428324,-0.0012027596188743995,23554.239999999998,23471.2375,0.008261438683804296,0.13114627337372964,False
2025-02-13,23290.0,23442.0,23207.55,23242.2,602480.0,-0.0010143644319128287,-0.0010148792476831756,23435.620000000003,23463.2175,0.008208618511144548,0.13030777912733854,False
2025-02-14,23299.0,23344.0,22982.3,23129.05,921380.0,-0.004868299902763162,-0.004880188675837871,23308.29,23442.954999999998,0.008144173944259021,0.1292847533433683,False
2025-02-17,23050.15,23185.0,22962.2,23162.05,765600.0,0.0014267771482183722,0.0014257602688283017,23218.579999999998,23439.2625,0.00766106631032743,0.12161565740820938,False
2025-02-18,23142.7,23150.0,22977.2,23101.35,777680.0,-0.0026206661327473624,-0.0026241060895368824,23180.090000000004,23427.765,0.007612763347117904,0.12084887163876994,False
2025-02-19,23080.95,23237.95,23012.95,23099.8,861680.0,-6.709564592544126e-05,-6.70978969389817e-05,23146.89,23413.04,0.007577221149596889,0.12028465674463389,False
2025-02-20,22911.0,23100.3,22898.35,23083.35,1120000.0,-0.0007121273777261905,-0.000712381060870869,23115.120000000003,23404.875,0.007457824287059434,0.11838929031106107,False
2025-02-21,23073.2,23081.5,22900.0,22963.05,2190000.0,-0.005211548583719416,-0.005225176070532608,23081.920000000002,23404.607500000002,0.007044142479295302,0.11182229519952792,False
2025-02-24,22674.7,22720.15,22572.15,22612.65,7970000.0,-0.015259297001051553,-0.015376918151622641,22972.04,23380.177499999998,0.0076795296279713555,0.1219087534893875,False
2025-02-25,22582.2,22646.0,22561.3,22582.15,7120000.0,-0.0013488025507846224,-0.001349713003718036,22868.2,23345.3175,0.007398296831775458,0.11744432125388955,False
2025-02-27,22580.0,22605.05,22530.2,22545.05,7250000.0,-0.0016428905130823068,-0.0016442415376276634,22757.25,23301.655,0.007186994032250757,0.11408999330064498,False
2025-02-28,22532.4,22574.75,22233.35,22280.05,9180000.0,-0.011754243170895573,-0.011823870435501415,22596.59,23227.4,0.006346807070840528,0.10075243877250205,False
2025-03-03,22341.0,22376.0,22140.05,22259.8,6700000.0,-0.0009088848543876704,-0.0009092981406656732,22455.94,23162.6125,0.006223596219331898,0.098796527141004,False
2025-03-04,22115.6,22237.0,22101.0,22191.05,4740000.0,-0.003088527300335153,-0.003093306644070314,22371.620000000003,23093.1025,0.006155634523838751,0.097717668671285,False
2025-03-05,22200.0,22498.0,22168.3,22441.35,6190000.0,0.011279322069032371,0.0112161848357374,22343.46,23018.9975,0.005696571723517075,0.09043027263641266,False
2025-03-06,22541.0,22638.15,22359.0,22620.95,8780000.0,0.008003083593455917,0.007971228764989756,22358.64,22954.255,0.006198202852285549,0.09839341993607267,False
2025-03-07,22598.9,22738.0,22572.2,22649.95,5670000.0,0.0012819974404258971,0.001281176383361055,22432.620000000003,22894.9875,0.0062611420053778405,0.09939254801694002,False
2025-03-10,22599.9,22728.15,22486.85,22515.65,5190000.0,-0.005929372912522934,-0.005947021441812225,22483.79,22832.485,0.006307036362355671,0.10012109834780739,False
2025-03-11,22419.95,22592.05,22361.55,22564.3,5640000.0,0.002160719321893767,0.0021583883250491445,22558.44,22780.17,0.006327238205301794,0.10044179266257112,False
2025-03-12,22580.0,22618.8,22380.2,22530.35,5860000.0,-0.0015045891075725626,-0.0015057221384037183,22576.239999999998,22741.9975,0.005754908875202817,0.09135634620975061,False
2025-03-13,22550.0,22615.8,22430.1,22444.25,4930000.0,-0.0038215118717640495,-0.0038288325047993585,22540.9,22700.920000000002,0.005773976438547887,0.09165903439406478,False
2025-03-17,22587.0,22812.15,22587.0,22728.9,546080.0,0.012682535616026502,0.012602785839596791,22556.69,22675.254999999997,0.006619891079424047,0.10508751301494577,False
2025-03-18,22830.0,23052.5,22815.15,23031.6,1140000.0,0.01331784644219458,0.01322994351697728,22659.879999999997,22670.3825,0.007289494883413701,0.11571714386874256,False
2025-03-19,23067.95,23140.95,23016.65,23123.45,1160000.0,0.003987999096892958,0.0039800681073546285,22771.71,22668.452500000003,0.007341627902998857,0.11654472989824564,False
2025-03-20,23208.75,23375.0,23170.0,23346.5,1680000.0,0.009646051951590184,0.00959982582116859,22934.940000000002,22680.71,0.0076232449640909585,0.12101526214986115,False
2025-03-21,23330.05,23574.0,23315.75,23527.5,1960000.0,0.007752768080868666,0.007722869804586886,23151.590000000004,22702.095,0.007788380080140043,0.12363670084859917,False
2025-03-24,23599.95,23875.9,23588.0,23844.15,3700000.0,0.013458718520879875,0.013368954477876872,23374.64,22740.135000000002,0.008259863629245157,0.1311212701577406,False
2025-03-25,23767.1,23893.9,23660.0,23705.35,8450000.0,-0.005821134324352162,-0.0058381431660508906,23509.390000000003,22777.25,0.008287613443912283,0.13156178480896472,False
2025-03-26,23735.0,23761.4,23494.9,23521.9,8310000.000000001,-0.007738759393976391,-0.007768858981995762,23589.079999999998,22822.7125,0.00762539024458388,0.12104931742192164,False
2025-03-27,23470.0,23643.1,23455.05,23591.95,5400000.0,0.0029780757506834288,0.002973650067597517,23638.17,22873.2025,0.007586642270089467,0.12043421239600349,False
2025-03-28,23775.05,23801.6,23560.0,23637.65,7310000.0,0.0019371014265459063,0.0019352276649648211,23660.200000000004,22927.8325,0.007532821984270656,0.11957984184540156,False
2025-04-01,23530.0,23668.0,23290.0,23321.4,9200000.0,-0.013379079561631535,-0.013469385827576159,23555.65,22979.9,0.007700363463831274,0.12223948038063279,False
2025-04-02,23326.95,23459.6,23300.0,23438.95,4820000.0,0.005040434965310814,0.005027774498010767,23502.370000000003,23038.857500000002,0.007684175637506459,0.12198250660429981,False
2025-04-03,23215.0,23411.1,23215.0,23325.95,5140000.0,-0.00482103507196352,-0.004832693747896129,23463.18,23095.6025,0.007761202791286471,0.12320527476290606,False
2025-04-04,23229.7,23250.0,22920.05,22958.15,8109999.999999999,-0.015767846540012287,-0.01589348144359577,23336.420000000002,23121.442499999997,0.008478865170234013,0.13459781184291922,False
2025-04-07,22201.5,22347.0,21860.0,22263.8,19670000.0,-0.030244161659367275,-0.030710952220649776,23061.65,23103.585,0.010841423156920701,0.17210225718737376,False
2025-04-08,22511.6,22744.9,22341.0,22630.35,11710000.0,0.016463945957114312,0.01632988464967031,22923.440000000002,23102.605,0.011501784593616948,0.18258517000886731,False
2025-04-09,22544.0,22544.0,22405.05,22479.65,6800000.0,-0.006659198819284562,-0.00668147021189319,22731.579999999998,23100.805,0.01152279173970243,0.18291864811465164,False
2025-04-11,22746.0,23017.0,22746.0,22917.65,9050000.0,0.01948428912371858,0.019296900539643138,22649.920000000002,23118.4725,0.01231869992260624,0.1955532988250804,False
2025-04-15,23295.0,23399.9,23252.0,23340.9,6690000.0,0.018468298451193688,0.018299830477376024,22726.47,23159.0,0.012913042376293583,0.20498819278146818,True
2025-04-16,23338.0,23450.0,23277.2,23433.5,5350000.0,0.003967284894755396,0.003959435972462543,22960.41,23208.4625,0.012850347492547886,0.20399294235626486,True
2025-04-17,23399.9,23872.7,23330.0,23851.3,10160000.0,0.017829176179401163,0.01767210068765523,23204.600000000002,23264.5825,0.013119235087671264,0.20826140060022497,True
2025-04-21,23875.9,24194.5,23875.6,24135.5,5800000.0,0.01191549307584916,0.011845062512786692,23535.77,23319.7775,0.013061969143294308,0.20735233191573688,True
2025-04-22,24150.0,24239.8,24077.0,24169.0,6540000.0,0.0013879969339769538,0.0013870345566475172,23786.04,23372.055,0.013058531630344667,0.20729776308937697,True
2025-04-23,24310.0,24351.8,24121.1,24312.7,7440000.0,0.005945632835450354,0.00592802731006994,23980.4,23420.364999999998,0.012974841311286206,0.20596922046114297,True
2025-04-24,24288.0,24360.0,24225.0,24246.7,4139999.9999999995,-0.0027146306251465413,-0.0027183219167041827,24143.04,23456.325000000004,0.012946325324327624,0.20551654320185114,True
2025-04-25,24465.0,24511.0,23975.0,24139.1,12620000.0,-0.004437717297611776,-0.004447593193471738,24200.6,23471.072500000002,0.012698669691894428,0.20158513191663519,True
2025-04-28,24200.2,24489.0,24140.0,24452.8,7820000.0,0.012995513502988887,0.012911796335701005,24264.059999999998,23508.445,0.012886409033955533,0.20456540157901462,True
2025-04-29,24484.0,24567.9,24396.1,24425.3,5930000.0,-0.0011246155859451212,-0.0011252484405764784,24315.32,23553.614999999998,0.01271700998942433,0.20187627511404552,True
2025-04-30,24369.9,24486.0,24348.7,24418.4,5210000.0,-0.0002824939714147767,-0.0002825338803529195,24336.46,23594.9375,0.012724213208167657,0.20199062266664974,True
2025-05-02,24399.9,24718.3,24310.0,24400.7,11980000.0,-0.0007248632179013281,-0.0007251260582668787,24367.260000000002,23633.09,0.01273662236556629,0.2021876119333896,True
2025-05-05,24481.1,24630.0,24471.0,24553.7,5720000.0,0.006270311917281113,0.006250735303210649,24450.18,23694.705,0.012263994617041283,0.19468487902155635,False
2025-05-06,24574.8,24576.8,24410.0,24431.4,4890000.0,-0.004980919372640336,-0.004993365497501987,24445.9,23744.3275,0.012365471636246511,0.1962957767611873,False
2025-05-07,24343.9,24538.5,24311.0,24461.4,7490000.0,0.0012279279943023802,0.0012271747073145118,24453.120000000003,23801.1,0.012259552976002813,0.19461437015595148,False
2025-05-08,24489.0,24523.9,24194.1,24271.9,8520000.0,-0.0077468991962847955,-0.007777062301204498,24423.82,23866.787500000002,0.011752918126771221,0.18657179125643852,False
2025-05-09,24063.4,24215.0,23984.0,24065.5,11310000.0,-0.008503660611653863,-0.008540023022701267,24356.780000000002,23956.8725,0.009274902299433091,0.14723450951232653,False
2025-05-12,24476.0,25069.9,24410.0,25044.1,11740000.0,0.040664021109056536,0.03985899124610481,24454.86,24077.56,0.012133080166759218,0.1926066765507299,False
2025-05-13,24960.0,25044.0,24613.5,24640.2,12260000.0,-0.016127551000035822,-0.016259015331966435,24496.620000000003,24185.5875,0.012785266042419734,0.20295980636424962,True
2025-05-14,24670.0,24834.4,24572.3,24715.9,6580000.0,0.003072215322927674,0.0030675057129243032,24547.52,24275.5,0.012302340951855353,0.19529360821520944,False
2025-05-15,24733.9,25144.9,24600.0,25078.7,13970000.0,0.014678809996803599,0.014572119062084991,24708.879999999997,24362.39,0.012092826979279117,0.19196767700942988,False
2025-05-16,25126.1,25149.0,25006.0,25078.7,4660000.0,0.0,0.0,24911.52,24444.65,0.012120124806320442,0.19240101657953268,False
2025-05-19,25060.1,25117.2,24952.7,24976.4,3970000.0,-0.004079158808072192,-0.004087501270912196,24897.980000000003,24500.905000000002,0.011737777390630548,0.1863314395214705,False
2025-05-20,25040.2,25059.9,24745.0,24774.6,7240000.0,-0.008079627168046777,-0.008112444241646543,24924.860000000004,24532.86,0.011733648825185667,0.18626590057683884,False
2025-05-21,24755.3,25019.0,24720.0,24832.2,7810000.0,0.002324961856094543,0.0023222633141404265,24948.120000000003,24566.02,0.011735586317527084,0.1862966573142537,False
2025-05-22,24778.0,24792.9,24515.0,24652.2,8540000.0,-0.007248652958658508,-0.007275052092984611,24862.82,24582.995000000003,0.011838130773313124,0.18792450008428366,False
2025-05-23,24656.5,24961.7,24634.9,24879.9,7190000.0,0.009236498162435769,0.00919410257119609,24823.059999999998,24614.655,0.011954612198656773,0.18977358538718944,False
2025-05-26,24950.0,25123.9,24935.2,25035.9,5650000.0,0.006270121664476047,0.0062505462358986175,24834.96,24659.495000000003,0.011921179175289306,0.18924285259474546,False
2025-05-27,25000.0,25108.8,24739.0,24862.6,10980000.0,-0.006922059921952162,-0.006946128512524555,24852.560000000005,24679.985,0.01177585344450146,0.18693587813816528,False
2025-05-28,24772.6,24896.0,24742.5,24762.5,5900000.0,-0.004026127597274609,-0.004034254269001728,24838.620000000003,24696.845,0.011819850706116016,0.18763431301376507,False
2025-05-29,24828.6,24900.0,24661.0,24833.6,6080000.0,0.002871277132761252,0.002867162890113752,24874.9,24717.605000000003,0.011826370611911207,0.18773781330959893,False
2025-05-30,24940.2,24987.7,24840.0,24871.2,5220000.0,0.0015140777011790618,0.0015129326411972672,24873.16,24741.129999999997,0.01182068774808663,0.1876476006431121,False
2025-06-02,24799.0,24869.0,24610.0,24826.3,6980000.0,-0.0018053009102898532,-0.001806932429863071,24831.239999999998,24754.760000000002,0.011769749052626425,0.18683897392132554,False
2025-06-03,24835.0,24929.0,24631.0,24675.3,7910000.0,-0.006082259539278878,-0.006100831825769261,24793.780000000002,24766.955,0.01179985634815623,0.1873169124210491,False
2025-06-04,24710.0,24761.0,24637.6,24729.4,3820000.0,0.0021924758766864727,0.002190075908725949,24787.159999999996,24780.355,0.011804691740165003,0.1873936718895294,False
2025-06-05,24752.3,25008.8,24716.1,24861.4,7980000.0,0.005337776088380597,0.005323580653890344,24792.72,24809.829999999998,0.011679071981235871,0.1853995200382352,False
2025-06-06,24854.9,25139.0,24750.0,25096.3,8240000.0,0.009448381828859098,0.009404025050233375,24837.74,24861.37,0.011578252702670785,0.18379906360757023,False
2025-06-09,25205.0,25234.0,25147.4,25181.8,3440000.0,0.0034068767109096676,0.0034010864538490315,24908.84,24868.254999999997,0.00724315166200316,0.11498146803590718,False
2025-06-10,25222.0,25249.2,25130.0,25160.6,3540000.0,-0.0008418778641717806,-0.0008422324423625263,25005.9,24894.275,0.00614125363761023,0.09748937917972472,False
2025-06-11,25179.9,25307.0,25140.0,25211.7,4680000.0,0.0020309531569200345,0.002028893559716074,25102.36,24919.065000000002,0.006127726374060561,0.0972746405280948,False
2025-06-12,25210.5,25260.0,24901.3,24937.4,8960000.0,-0.010879869267046649,-0.010939487867420754,25117.559999999998,24912.0,0.005782784250377922,0.09179885407224633,False
2025-06-13,24588.0,24790.0,24575.3,24727.4,6750000.0,-0.008421086400346445,-0.008456744073775125,25043.780000000002,24894.435,0.006062180043303447,0.09623412478487815,False
2025-06-16,24755.5,25024.8,24735.0,24996.2,6670000.0,0.010870532284025014,0.010811872771825777,25006.66,24895.425,0.006525918066062545,0.10359573767511046,False
2025-06-17,24996.1,25003.5,24839.1,24868.8,4570000.0,-0.005096774709755891,-0.005109807568533535,24948.3,24900.135000000002,0.006362138517303379,0.10099581793997968,False
2025-06-18,24840.1,24978.8,24786.0,24826.9,5510000.0,-0.00168484205108399,-0.001686262993719435,24871.340000000004,24899.870000000003,0.00635512519966711,0.10088448497399324,False
2025-06-19,24813.0,24891.4,24751.0,24803.1,4179999.9999999995,-0.000958637606789492,-0.0009590973936895628,24844.480000000003,24907.415,0.006128687959956217,0.0972899052309596,False
2025-06-20,24825.0,25137.0,24806.5,25111.7,7880000.0,0.012441993137954688,0.012365227629434728,24921.34,24919.005,0.006409537499504248,0.10174825345578613,False
2025-06-23,24975.0,25090.0,24825.0,24993.3,8310000.000000001,-0.004714933676334243,-0.004726084038738966,24920.760000000002,24916.875,0.006358010272039031,0.1009302840780564,False
2025-06-24,25180.2,25349.0,25036.2,25071.7,10630000.0,0.003136840673300556,0.0031319310530473383,24961.34,24927.33,0.006182550047373013,0.09814493936135758,False
2025-06-25,25152.1,25290.0,25130.2,25252.2,5420000.0,0.007199352257724945,0.007173560635923968,25046.4,24951.815000000002,0.006265042933693178,0.09945447333416804,False
2025-06-26,25302.0,25564.0,25272.3,25549.0,5700000.0,0.011753431384196267,0.011684896301762244,25195.579999999998,24987.585,0.0067042233317016284,0.10642624601711641,False
2025-06-27,25695.0,25772.3,25635.0,25750.2,4580000.0,0.007875063603272281,0.007844217129357154,25323.280000000002,25031.535,0.006856948385700737,0.10885068108821971,False
2025-06-30,25765.0,25792.4,25575.0,25614.2,7130000.0,-0.005281512376602904,-0.005295508866603276,25447.46,25070.93,0.006994762024338225,0.11103840477886602,False
2025-07-01,25636.0,25691.4,25596.1,25643.3,3400000.0,0.0011360885758679995,0.0011354437156079283,25561.780000000002,25119.329999999998,0.0067605419834344555,0.10732027689707352,False
2025-07-02,25659.0,25695.1,25480.0,25546.1,5720000.0,-0.0037904637858622303,-0.003797665798791295,25620.56,25160.165,0.006880438349498178,0.10922357270330335,False
2025-07-03,25551.1,25670.0,25485.1,25508.6,6710000.0,-0.0014679344400906347,-0.001469012911396827,25612.48,25192.525,0.006856621400267696,0.10884549035539072,False
2025-07-04,25500.1,25558.6,25410.0,25540.1,4450000.0,0.0012348776491066804,0.0012341158148194726,25570.46,25214.715,0.0065839503037025135,0.1045169708880302,False
2025-07-07,25528.9,25574.8,25475.7,25538.9,3130000.0,-4.6984937412064554e-05,-4.698604123881198e-05,25555.4,25232.57,0.006559916513616956,0.10413544629825792,False
2025-07-08,25530.0,25635.0,25499.4,25611.9,3020000.0,0.0028583846602634466,0.002854307246859758,25549.12,25255.135000000002,0.00656558553830063,0.10422543927519365,False
2025-07-09,25592.9,25646.0,25522.8,25558.8,3480000.0,-0.0020732550103663705,-0.002075407178712418,25551.66,25272.489999999998,0.006592779693713948,0.10465713310922213,False
2025-07-10,25590.8,25595.2,25411.2,25421.9,4970000.0,-0.005356276507504143,-0.005370672786495472,25534.32,25296.715000000004,0.006185040889538144,0.09818448025490188,False
2025-07-11,25335.0,25384.0,25205.0,25223.4,5550000.0,-0.007808228338558432,-0.007838872173722627,25470.980000000003,25321.515,0.006137343792782858,0.09742731231725625,False
2025-07-14,25234.8,25234.8,25076.3,25167.5,4980000.0,-0.0022161960719015994,-0.0022186554687584625,25396.7,25330.079999999998,0.005713892938629556,0.09070523840197113,False
2025-07-15,25180.0,25306.0,25152.1,25265.6,4080000.0,0.0038978841760206606,0.0038903071088003563,25327.440000000002,25349.920000000002,0.00561516692500351,0.08913801152204738,False
2025-07-16,25230.0,25289.9,25162.1,25245.8,3440000.0,-0.0007836742448229517,-0.000783981478008261,25264.84,25370.864999999998,0.005597709761465465,0.08886088764213786,False
2025-07-17,25260.0,25275.0,25165.0,25174.6,3980000.0,-0.002820271094597926,-0.002824255552385514,25215.379999999997,25389.44,0.005644680034095973,0.08960651760449723,False
2025-07-18,25167.9,25170.0,24981.0,25032.3,5240000.0,-0.005652522780898228,-0.005668558745446664,25177.159999999996,25385.469999999998,0.0050970581847523695,0.0809132902492865,False
2025-07-21,24969.2,25139.7,24920.6,25127.6,4270000.0,0.0038070812510235807,0.0037998526579496273,25169.18,25392.185,0.005051007099283106,0.08018225193074899,False
2025-07-22,25149.9,25200.0,25070.0,25093.9,3100000.0,-0.0013411547461753548,-0.001342054899121561,25134.839999999997,25393.295,0.005016842779104077,0.07963991016131722,False
2025-07-23,25170.2,25260.0,25112.3,25252.8,3860000.0,0.006332216195967799,0.006312251949286058,25136.239999999998,25393.324999999997,0.004955229294464336,0.0786618264147281,False
2025-07-24,25290.1,25290.1,25049.0,25095.4,4740000.0,-0.006232972185262531,-0.006252478252484335,25120.4,25370.645,0.0043013116360236135,0.06828120540184113,False
2025-07-25,25011.0,25024.0,24831.0,24850.4,5230000.0,-0.009762745363692149,-0.00981071341746494,25084.02,25325.655000000002,0.004217711636874759,0.06695409655772265,False
2025-07-28,24799.9,24925.0,24667.6,24710.2,5340000.0,-0.005641760293596865,-0.00565773513568895,25000.54,25280.454999999998,0.004234241511154909,0.06721650017701328,False
2025-07-29,24636.0,24859.0,24630.0,24838.8,6340000.0,0.005204328576863038,0.005190832862731059,24949.52,25240.230000000003,0.004473012656796235,0.07100687460676287,False
2025-07-30,24845.0,24910.6,24786.0,24869.3,5200000.0,0.0012279176127671931,0.0012271643385114146,24872.82,25206.39,0.004483407945033944,0.07117189469166577,False
2025-07-31,24693.0,24970.0,24625.1,24768.35,6090000.0,-0.004059221610580144,-0.004067482613695532,24807.409999999996,25169.3775,0.004524792388954803,0.0718288523722335,False
2025-08-01,24800.0,24854.9,24601.4,24627.2,6260000.0,-0.0056988051283188845,-0.005715105275337591,24762.77,25123.732500000002,0.0045726872066088,0.07258915903184109,False
2025-08-04,24630.0,24812.9,24630.0,24793.1,4340000.0,0.0067364540020788954,0.00671386548341824,24779.35,25086.442499999997,0.004946502800024097,0.07852329761009054,False
2025-08-05,24774.9,24783.7,24650.0,24707.8,4059999.9999999995,-0.003440473357506746,-0.003446405395890046,24753.15,25041.2375,0.004856167014172609,0.0770892614669748,False
2025-08-06,24707.8,24738.9,24616.6,24634.9,3960000.0,-0.0029504852718573726,-0.0029548465341998702,24706.27,24995.0425,0.004862873306866771,0.07719572056310256,False
2025-08-07,24539.9,24721.0,24409.0,24673.4,7340000.0,0.0015628234740145963,0.0015616035362752926,24687.28,24957.6175,0.004844735032396118,0.07690778438233549,False
2025-08-08,24669.0,24694.0,24413.1,24441.1,5970000.0,-0.00941499752770203,-0.00945959878482718,24650.059999999998,24918.5025,0.004966942954066175,0.07884777499622168,False
2025-08-11,24455.0,24646.2,24409.2,24627.9,4770000.0,0.007642863864556038,0.007613805147822215,24617.02,24891.5225,0.005371405278841195,0.08526841535252014,False
2025-08-12,24605.1,24764.0,24541.6,24554.9,6250000.0,-0.0029641179312892563,-0.002968519629097405,24586.440000000002,24855.9875,0.005255322726395431,0.08342566196056951,False
2025-08-13,24625.0,24748.0,24610.0,24712.2,4370000.0,0.006406053374275578,0.006385621824999374,24601.9,24829.3075,0.005538854719667561,0.08792659281814047,False
2025-08-14,24708.9,24750.9,24657.4,24684.7,3800000.0,-0.0011128106765079249,-0.0011134303100413284,24604.16,24804.8125,0.005523318241827924,0.0876799588784592,False
2025-08-18,24906.3,25079.0,24906.3,24966.8,6680000.0,0.011428131595684787,0.01136332378719702,24709.300000000003,24801.5375,0.006055674274157384,0.09613084890139208,False
2025-08-19,24958.0,25060.9,24922.3,25033.5,3550000.0,0.0026715478154990535,0.0026679855746877903,24790.420000000002,24796.832499999997,0.006022211079582712,0.09559963715588199,False
2025-08-20,24974.9,25108.1,24960.0,25083.3,4080000.0,0.001989334292048728,0.0019873581869077786,24896.1,24796.3025,0.006034167684350979,0.09578944237233113,False
2025-08-21,25111.1,25179.0,25086.0,25122.5,4139999.9999999995,0.0015627927744754633,0.0015615728846387863,24978.159999999996,24789.7875,0.005862385953139931,0.09306249192891967,False
2025-08-22,25094.0,25099.0,24887.4,24898.2,5390000.0,-0.008928251567320133,-0.0089683472399283,25020.86,24779.927499999998,0.006035762494000951,0.09581475919066501,False
2025-08-25,24950.1,25030.0,24914.1,24989.7,7280000.0,0.003674964455261831,0.003668228271833625,25025.44,24786.892499999998,0.005673009302668737,0.09005623080130458,False
2025-08-26,24903.0,24940.0,24710.0,24731.5,8240000.0,-0.010332256889838631,-0.010386005204193959,24965.04,24787.9575,0.006017821531993786,0.09552995524815171,False
2025-08-28,24689.8,24709.6,24478.0,24500.9,7030000.0,-0.009324141277318287,-0.009367883198831473,24848.559999999998,24771.0625,0.006237078971040189,0.09901055918905781,False
2025-08-29,24650.0,24710.0,24546.0,24568.5,5150000.0,0.0027590823194250103,0.0027552830385503607,24737.76,24756.0225,0.006270857321872096,0.09954677388505252,False
2025-09-01,24581.1,24760.0,24581.0,24748.0,3910000.0,0.007306103343712511,0.007279543060335538,24707.72,24755.005,0.0064522299404988215,0.10242597494618978,False
2025-09-02,24750.0,24874.7,24651.9,24691.8,5620000.0,-0.002270890577016349,-0.0022734729593018805,24648.14,24758.235,0.006337994373215069,0.1006125415347226,False
2025-09-03,24680.0,24837.0,24638.5,24813.1,4240000.0,0.0049125620651389035,0.004900534805805672,24664.46,24759.235,0.006250759480940062,0.09922773055107953,False
2025-09-04,24926.3,25048.5,24809.7,24827.5,6220000.0,0.0005803386114593412,0.0005801702801303305,24729.78,24765.219999999998,0.006196713442132675,0.09836977628288458,False
2025-09-05,24855.3,24927.0,24720.4,24847.7,5540000.0,0.0008136139361596406,0.0008132831317603032,24785.62,24775.86,0.006151068594882299,0.09764518679614843,False
2025-09-08,24888.5,24979.0,24862.2,24892.7,4470000.0,0.001811032811890101,0.0018093948692476422,24814.56,24786.825,0.006153685805438529,0.09768673372571131,False
2025-09-09,24931.2,24969.0,24910.0,24950.3,2780000.0,0.002313931393540969,0.0023112583769511613,24866.260000000002,24812.285,0.005705580734246481,0.09057328624810498,False
2025-09-10,25021.6,25125.0,25001.1,25072.3,4960000.0,0.00488972076488059,0.004877804907989918,24918.1,24834.504999999997,0.0055696614263822325,0.08841563412622003,False
2025-09-11,25049.0,25119.5,25048.1,25104.5,2140000.0,0.0012842858453352424,0.0012834618556856877,24973.5,24861.984999999997,0.0054946669178111765,0.08722513320997292,False
2025-09-12,25126.3,25222.8,25126.3,25205.0,3120000.0,0.0040032663466709195,0.003995274597582945,25044.96,24886.625,0.005398472327498964,0.08569809142935779,False
2025-09-15,25200.6,25204.0,25147.3,25164.7,2570000.0,-0.001598889109303725,-0.0016001686966230244,25099.36,24910.625,0.005409575237740995,0.0858743446653347,False
2025-09-16,25178.7,25354.0,25152.0,25331.4,4510000.0,0.006624358724721668,0.006602514078578653,25175.579999999998,24928.855000000003,0.005013257656683198,0.07958299810724502,False
2025-09-17,25365.0,25446.7,25362.8,25423.4,3340000.0,0.003631856115335008,0.003625276851062588,25245.8,24948.35,0.005037301181810806,0.07996467723601891,False
2025-09-18,25480.2,25525.0,25435.1,25510.9,4050000.0,0.0034417111794646793,0.0034358020460154826,25327.079999999998,24969.73,0.005065962137786145,0.08041965580710761,False
2025-09-19,25474.0,25489.8,25352.0,25411.2,4720000.0,-0.003908133386121282,-0.003915790094873049,25368.32,24984.165,0.005172475674040581,0.08211050577625542,False
2025-09-22,25350.0,25394.5,25248.6,25277.7,3840000.0,-0.0052535889686436965,-0.005267437591779656,25390.920000000002,25003.140000000003,0.004873415412731079,0.07736307130557382,False
2025-09-23,25277.7,25333.2,25158.0,25255.8,4720000.0,-0.0008663762921469198,-0.0008667518129972915,25375.800000000003,25016.445,0.004836497458639035,0.07677701695292873,False
2025-09-24,25206.5,25206.5,25078.0,25111.9,4840000.0,-0.005697701122118426,-0.005713994942177734,25313.5,25035.465,0.004377353712482987,0.0694883359427719,False
2025-09-25,25100.0,25133.0,24954.1,24967.7,5790000.0,-0.0057422974764952395,-0.005758847855193043,25204.860000000004,25058.805,0.003999483244878152,0.06348982823230341,False
2025-09-26,24929.9,24929.9,24663.1,24689.9,7270000.0,-0.01112637527685767,-0.011188736390483315,25060.6,25064.875,0.004795252117282274,0.07612226745710898,False
2025-09-29,24755.0,24844.2,24646.2,24685.0,7130000.0,-0.00019846171916459987,-0.00019848141529758213,24942.06,25061.725,0.004499137213642978,0.07142158908993239,False
2025-09-30,24714.9,24749.0,24580.0,24611.1,4840000.0,-0.0029937208831274376,-0.002998211029225831,24813.120000000003,25057.69,0.004520197205614938,0.07175590609815734,False
2025-10-01,24751.8,24986.5,24725.0,24967.2,5740000.0,0.014469081024415908,0.014365402761057789,24784.18,25065.395,0.005485907708041127,0.08708608506557494,False
2025-10-03,24950.4,25020.0,24878.6,25006.6,4570000.0,0.0015780704284020786,0.001576826583674693,24791.96,25074.35,0.005492894588150154,0.0871969983488272,False
2025-10-06,24990.0,25199.1,24973.2,25185.4,5520000.0,0.0071501123703343605,0.007124671514880134,24891.06,25091.235,0.005698493479169059,0.09046077956162736,False
2025-10-07,25198.0,25318.0,25180.0,25225.3,4840000.0,0.0015842511931514203,0.0015829975910689994,24999.120000000003,25107.864999999998,0.005696371880074225,0.09042710022010708,False
2025-10-08,25206.9,25289.8,25085.0,25120.4,5530000.0,-0.004158523387234103,-0.004167194092183551,25100.98,25116.370000000003,0.005781830430161282,0.09178371264571415,False
2025-10-09,25150.0,25291.0,25124.0,25273.8,5050000.0,0.006106590659384237,0.006088020994525761,25162.3,25126.445,0.0058381829568771035,0.09267828127435528,False
2025-10-10,25250.0,25464.3,25250.0,25411.0,4420000.0,0.005428546558095659,0.005413865107886225,25243.18,25141.77,0.005943205933438013,0.09434546934192287,False
2025-10-13,25340.0,25345.1,25230.3,25309.3,5400000.0,-0.004002203770020918,-0.004010234020489597,25267.96,25146.985,0.005973120490326904,0.09482034821057507,False
2025-10-14,25378.1,25378.1,25123.2,25206.0,6860000.0,-0.004081503637002992,-0.004089855706720939,25264.1,25149.05,0.006038423306802862,0.09585699828441992,False
2025-10-15,25261.0,25460.0,25250.0,25424.8,5780000.0,0.008680472903277003,0.008643014215031355,25324.98,25153.719999999998,0.0061714000144526306,0.09796793807605249,False
2025-10-16,25462.0,25699.4,25460.0,25656.1,6270000.0,0.009097416695509786,0.009056284476655562,25401.44,25165.355000000003,0.006446162893171915,0.10232966355567305,False
2025-10-17,25621.8,25849.0,25592.0,25757.8,7690000.0,0.003963969582282623,0.0039561337553518875,25470.8,25177.7,0.006459855041309742,0.10254701966899472,False
2025-10-20,25880.2,25969.5,25833.0,25915.1,5490000.0,0.006106888010622091,0.00608831654093871,25591.96,25202.894999999997,0.0064881497909138365,0.1029961848941624,False
2025-10-21,25960.0,25975.0,25865.1,25906.3,1230000.0,-0.0003395703663114924,-0.00033962803338338614,25732.019999999997,25234.325,0.006329893246574733,0.10048394013614399,False
2025-10-23,26161.1,26205.0,25940.0,25976.9,8380000.000000001,0.002725205837962319,0.0027214991972448386,25842.44,25270.379999999997,0.006317688109456945,0.10029018959095733,False
2025-10-24,25980.2,25999.0,25733.0,25814.8,6870000.0,-0.006240159526348488,-0.006259710699200568,25874.18,25305.525,0.0063509646589155035,0.10081843843710345,False
2025-10-27,25901.0,26065.4,25878.0,26013.5,7650000.0,0.007697134976835107,0.007667663169122233,25925.32,25357.815,0.006265865757153253,0.09946753525165766,False
2025-10-28,26009.7,26074.9,25820.0,25936.2,7170000.0,-0.0029715340111864386,-0.002975957784144348,25929.54,25420.129999999997,0.005590732766471104,0.08875013128021614,False
2025-10-29,26125.0,26284.9,26101.0,26238.7,6120000.0,0.011663235169377062,0.011595743912766085,25996.02,25497.815,0.005911584415812647,0.09384349331163187,False
2025-10-30,26199.9,26199.9,26010.0,26031.6,6310000.0,-0.007892921524313423,-0.007924235510803195,26006.96,25568.84,0.006267030867850277,0.09948603081058277,False
2025-10-31,26012.1,26116.1,25890.0,25905.5,6600000.0,-0.004844112540143497,-0.0048558832812083995,26025.1,25615.754999999997,0.005853218720670883,0.09291696662497677,False
2025-11-03,25890.0,25942.6,25800.0,25898.9,4870000.0,-0.00025477215263158826,-0.0002548046125698425,26002.18,25660.370000000003,0.0058722247390671604,0.09321867781351718,False
2025-11-04,25874.7,25911.0,25693.0,25708.3,5720000.0,-0.007359385919865402,-0.007386599800933589,25956.6,25686.515,0.00606577161952724,0.09629113928989548,False
2025-11-06,25740.1,25805.0,25605.0,25627.2,4520000.0,-0.00315462321507054,-0.0031596095282727553,25834.3,25706.61,0.006135769136138228,0.09740231541796421,False
2025-11-07,25545.0,25656.4,25428.1,25589.2,6910000.0,-0.0014827995255041193,-0.0014838999606715572,25745.82,25730.05,0.006050342800192933,0.09604621437600395,False
2025-11-10,25690.0,25747.0,25617.8,25694.5,3670000.0,0.00411501727291208,0.004106573744917127,25703.620000000003,25751.085,0.00597681575843658,0.09487900877325052,False
2025-11-11,25731.0,25835.0,25555.0,25811.4,6570000.0,0.00454961178462332,0.00453929358495982,25686.120000000003,25771.105,0.005944465856414081,0.09436546999911749,False
2025-11-12,25925.6,26024.0,25902.2,25986.1,5280000.0,0.006768327173264366,0.006745524878008331,25741.68,25804.945,0.005974431906396264,0.09484116629528423,False
2025-11-13,25952.0,26092.5,25896.2,25953.8,5180000.0,-0.0012429722043707514,-0.001243745335040863,25807.0,25842.335,0.005871763088029174,0.09321134933048314,False
2025-11-14,25904.0,25983.0,25815.0,25951.4,8090000.0,-9.247200795248212e-05,-9.247628375220606e-05,25879.44,25868.665,0.005628117394319279,0.08934359384907396,False
2025-11-17,26006.0,26083.0,25971.0,26060.1,4010000.0,0.004188598688317224,0.0041798509275634875,25952.559999999998,25888.864999999998,0.005358863414991078,0.08506931943617228,False
2025-11-18,26020.0,26042.0,25905.7,25948.8,5160000.0,-0.004270896888346476,-0.004280043219777289,25980.04,25898.415,0.005418600575290602,0.08601761745726273,False
2025-11-19,25940.0,26090.0,25887.8,26071.0,5060000.0,0.004709273646565482,0.004698219707856078,25997.019999999997,25906.21,0.005349474077010022,0.08492026831653185,False
2025-11-20,26136.0,26264.0,26072.0,26220.8,6640000.0,0.0057458478769514265,0.005729403454402972,26050.42,25921.934999999998,0.005481801276791607,0.08702089749040165,False
2025-11-21,26136.3,26195.0,26061.3,26077.5,8620000.0,-0.005465126922138075,-0.005480115362371016,26075.64,25926.965,0.005620260329873943,0.08921886681772975,False
2025-11-24,26111.0,26168.8,25955.0,25996.4,7290000.0,-0.003109960694084868,-0.0031148066716522775,26062.9,25936.045000000002,0.005472888885594805,0.0868794176662397,False
2025-11-25,25961.0,26035.0,25867.4,25884.8,5510000.0,-0.004292902094136242,-0.004302143054840464,26050.1,25929.61,0.0052807500901274895,0.08382930884615557,False
2025-11-26,26105.0,26392.0,26085.0,26381.2,7320000.0,0.019177277784645952,0.018995711419902108,26112.140000000003,25951.86,0.00678484183164562,0.10770602502865367,False
2025-11-27,26401.1,26495.6,26317.5,26390.9,4890000.0,0.000367686079480789,0.00036761849951923365,26146.16,25959.47,0.0062915469128131275,0.09987521095919825,False
2025-11-28,26341.0,26459.9,26336.3,26387.4,3050000.0,-0.00013262147179515793,-0.00013263026680016143,26208.140000000003,25977.260000000002,0.005991294659183643,0.09510885419705642,False
2025-12-01,26455.1,26493.8,26301.4,26334.7,4880000.0,-0.0019971653137482726,-0.001999162307721213,26275.8,25998.72,0.005885628998296811,0.09343146383210137,False
2025-12-02,26278.8,26315.0,26181.0,26213.0,5080000.0,-0.004621279148803725,-0.004631990271420749,26341.440000000002,26014.425,0.00600802445251963,0.09537443143297158,False
2025-12-03,26225.0,26225.0,26049.0,26136.2,5510000.0,-0.002929843970548962,-0.002934144365105569,26292.440000000002,26035.82,0.005775541894810247,0.09168388524181609,False
2025-12-04,26105.0,26243.9,26070.2,26186.5,4570000.0,0.0019245337883855296,0.0019226842458587474,26251.559999999998,26063.785,0.005701778986988211,0.09051293538134755,False
2025-12-05,26151.9,26370.0,26151.9,26333.2,5920000.0,0.005602123231436051,0.005586489699225347,26240.72,26100.985,0.00575302633789742,0.09132646185648731,False
2025-12-08,26325.0,26325.0,26030.0,26064.7,6610000.0,-0.010196254158248874,-0.010248592028441908,26186.72,26119.495000000003,0.006270781393130172,0.09954556855364156,False
2025-12-09,25999.0,26039.0,25875.0,25960.2,6820000.0,-0.0040092538951148615,-0.004017312500053248,26136.16,26126.935,0.006288710307810389,0.09983018125076845,False
2025-12-10,25882.3,26061.0,25842.0,25863.9,4980000.0,-0.0037095245799338983,-0.0037164219287784987,26081.7,26120.825,0.006157093575594268,0.09774083039985543,False
2025-12-11,25910.0,26038.9,25804.1,26009.5,5570000.0,0.005629468100325052,0.005613681862483462,26046.3,26123.61,0.006287261705321304,0.0998071853991602,False
2025-12-12,26100.0,26158.5,26040.1,26145.4,4800000.0,0.005225013937215195,0.005211410915304664,26008.74,26133.31,0.0063891490687762375,0.10142459715181104,False
2025-12-15,26070.0,26132.5,25987.8,26108.7,4520000.0,-0.0014036886029664686,-0.0014046746967005636,26017.54,26135.739999999998,0.006336390900513526,0.10058708719470842,False
2025-12-16,26012.0,26045.0,25929.5,25940.7,4860000.0,-0.006434636730285326,-0.006455428243758761,26013.64,26135.335,0.006432901889742257,0.10211915165241275,False
2025-12-17,25925.0,26004.9,25857.1,25897.8,3610000.0,-0.0016537718720004424,-0.0016551408622426473,26020.420000000002,26126.675,0.006344686299014971,0.10071877256347443,False
2025-12-18,25875.0,25980.0,25801.0,25880.6,5110000.0,-0.0006641490783001469,-0.0006643697229986414,25994.640000000003,26109.665,0.006182273772843294,0.09814055363916227,False
2025-12-19,25965.0,26043.8,25951.1,26030.0,4670000.0,0.005772663694041169,0.005756065716705881,25971.559999999998,26107.29,0.006230640097115601,0.09890834523429126,False
2025-12-22,26150.0,26206.5,26130.0,26197.9,3580000.0,0.006450249711871026,0.006429535876424493,25989.4,26117.364999999998,0.006350933906244058,0.10081795025357866,False
2025-12-23,26240.0,26259.0,26163.0,26206.9,3080000.0,0.00034353898594918775,0.00034347998994298625,26042.640000000003,26133.47,0.006254302570525303,0.09928397535457176,False
2025-12-24,26228.0,26269.7,26151.7,26173.1,3310000.0,-0.0012897366724031745,-0.0012905690985625879,26097.7,26123.065,0.004485273811758572,0.07120151440766351,False
2025-12-26,26139.0,26149.0,26041.0,26060.2,5960000.0,-0.004313589143051355,-0.004322919509945723,26133.62,26106.53,0.0045652867953472264,0.07247168114505473,False
2025-12-29,26080.0,26100.2,25934.6,25957.2,6470000.0,-0.003952387165102378,-0.003960218489014026,26119.060000000005,26085.02,0.004623337461471659,0.07339320690109608,False
2025-12-30,25922.0,25983.5,25880.1,25938.85,5380000.0,-0.0007069329511658617,-0.0007071829460912943,26067.25,26065.2275,0.004614914809251254,0.0732595014421674,False
2025-12-31,26145.0,26325.0,26130.2,26296.3,4740000.0,0.013780487569803546,0.013686400046864527,26085.13,26069.3925,0.005542910407999024,0.0879909748744619,False
2026-01-01,26332.0,26339.6,26261.0,26290.4,2040000.0,-0.00022436616558219047,-0.00022439133943583057,26108.59,26077.1025,0.00549600990466948,0.08724645246541951,False
2026-01-02,26306.0,26480.0,26306.0,26455.4,4170000.0,0.006276055137997227,0.006256442720252208,26187.63,26090.5475,0.005647401950591903,0.08964972668932353,False
2026-01-05,26500.0,26510.0,26308.5,26331.3,5170000.0,-0.004690913764297755,-0.004701950629116747,26262.45,26090.4525,0.005629447978903655,0.08936471622452553,False
2026-01-06,26354.0,26399.0,26255.0,26285.1,4330000.0,-0.001754565858882784,-0.0017561069124097759,26331.7,26101.472499999996,0.005116958921144065,0.08122920464568338,False
2026-01-07,26234.9,26298.0,26186.0,26235.3,3570000.0,-0.001894609493591437,-0.0018964065363129014,26319.5,26115.2275,0.0050416191912738655,0.08003322351120738,False
2026-01-08,26190.0,26210.0,25965.0,25985.6,6910000.0,-0.009517710870468488,-0.00956329374086822,26258.54,26121.3125,0.005449982873259632,0.08651579599323742,False
2026-01-09,25966.0,26031.6,25725.0,25788.3,5830000.0,-0.007592666707714968,-0.007621637739671825,26125.12,26110.2525,0.0055636994282867395,0.08832099034055373,False
2026-01-12,25770.0,25899.0,25573.2,25876.0,7920000.0,0.0034007670144988733,0.0033949974832096024,26034.059999999998,26096.782499999998,0.005480751508344272,0.08700423293292654,False
2026-01-13,25911.0,25934.8,25661.1,25790.8,5690000.0,-0.0032926263719277316,-0.0032980589944823064,25935.2,26080.8875,0.005513259585702059,0.08752028266266387,False
2026-01-14,25750.1,25850.0,25670.0,25719.0,4590000.0,-0.0027839384586751947,-0.0027878208225281947,25831.94,26069.802499999998,0.005368376268028865,0.08522033129655242,False
2026-01-15,25723.0,25723.0,25723.0,25723.0,,0.00015552704226440284,0.0001555149491878158,25779.420000000002,26061.0625,0.005361650191011156,0.08511355813402487,False
2026-01-16,25784.0,25958.0,25722.0,25751.5,6010000.0,0.001107957858725639,0.0011073445264063882,25772.06,26054.6075,0.005370385148977436,0.08525222129297316,False
2026-01-19,25626.0,25680.0,25530.0,25596.0,4860000.0,-0.006038483195153654,-0.0060567885631090165,25716.06,26032.907499999998,0.005324033300172816,0.08451640850450261,False
2026-01-20,25600.0,25604.8,25224.6,25259.2,6390000.0,-0.013158305985310204,-0.013245643481888477,25609.739999999998,25985.9725,0.005705229755321556,0.09056771463040032,False
2026-01-21,25236.5,25340.0,24961.0,25178.2,10360000.0,-0.0032067523912079343,-0.003211905040118717,25501.579999999998,25934.5375,0.005689996936634634,0.09032590113032753,False
2026-01-22,25330.0,25475.0,25200.0,25349.8,10480000.0,0.006815419688460667,0.006792299704511855,25426.94,25893.3725,0.0060211117786273406,0.09558218629421841,False
2026-01-23,25379.9,25379.9,25045.7,25079.8,7060000.0,-0.010650971605298709,-0.010708099208453593,25292.6,25844.3525,0.0063313304127884575,0.10050675444250906,False
2026-01-27,25184.0,25205.0,24957.0,25175.4,6900000.0,0.003811832630244316,0.0038045860056859847,25208.48,25805.2625,0.006435806993832789,0.10216526875015058,False
2026-01-28,25435.0,25490.0,25300.1,25450.4,7090000.0,0.010923361694352485,0.010864132708406691,25246.72,25780.840000000004,0.007011689705383729,0.11130712338478256,False
2026-01-29,25400.0,25564.8,25262.5,25536.3,9030000.0,0.003375192531354987,0.0033695093533328037,25318.340000000004,25742.84,0.006202304072198605,0.09845852478384426,False
2026-01-30,25412.5,25468.8,25298.0,25416.4,6960000.0,-0.004695276919522318,-0.004706334357597028,25331.66,25699.14,0.006236395923672787,0.09899971614825087,False
2026-02-01,25425.0,25524.4,24635.9,24853.5,14450000.0,-0.022147117609102818,-0.022396047265768736,25286.4,25619.045,0.007450568076143001,0.11827410153378798,False
2026-02-02,24800.0,25159.0,24758.5,25141.8,9240000.0,0.011599975858531009,0.011533211949033569,25279.68,25559.57,0.008126390844151933,0.12900245538082958,False
2026-02-03,26200.0,26320.0,25725.0,25817.1,18160000.0,0.02685965205355223,0.02650526343213811,25353.019999999997,25536.170000000002,0.010418778027006513,0.1653929737478606,False
2026-02-04,25735.5,25910.0,25710.0,25848.8,4940000.0,0.0012278683508217814,0.0012271151369802177,25415.519999999997,25516.844999999998,0.010425637352826037,0.16550186216954074,False
2026-02-05,25799.0,25812.7,25670.0,25725.0,4360000.0,-0.004789390610008937,-0.00480089649336309,25477.239999999998,25503.815,0.01026733712271849,0.1629889239214475,False
2026-02-06,25643.0,25745.0,25567.2,25735.1,5490000.0,0.00039261418853242525,0.0003925371357492577,25653.559999999998,25501.155,0.010129457721744605,0.16080015628607477,False
2026-02-09,25921.0,25940.9,25854.5,25915.4,4139999.9999999995,0.007005995702367596,0.0069815677428983185,25808.28,25503.125,0.01022580630730531,0.1623296426654735,False
2026-02-10,25961.0,26044.0,25940.5,25985.6,3840000.0,0.0027088140642241854,0.002705151839440169,25841.98,25512.865,0.010208259597821089,0.162051097287737,False
2026-02-11,26050.0,26068.0,25955.0,25994.2,3450000.0,0.00033095252755388493,0.00033089777484616935,25871.06,25526.625,0.01018043736753227,0.16160943307415673,False
2026-02-12,25950.0,25966.5,25820.0,25858.2,3910000.0,-0.005231936355033051,-0.005245670860361406,25897.7,25533.385000000002,0.010263239293419088,0.16292387289799906,False
2026-02-13,25724.9,25724.9,25476.5,25518.8,5810000.0,-0.0131254302310293,-0.013212329925236804,25854.44,25521.75,0.01068976649531388,0.1696947823197062,False
2026-02-16,25455.0,25728.0,25430.0,25717.2,4220000.0,0.007774660250482013,0.007744593319044173,25814.8,25527.81,0.01075231286563403,0.1706876751673674,False
2026-02-17,25643.0,25777.0,25582.5,25739.4,4090000.0,0.0008632354999766889,0.0008628631264944097,25765.559999999998,25551.82,0.010275787137187973,0.16312306374261443,False
2026-02-18,25752.0,25844.8,25660.0,25827.8,3780000.0,0.0034344234908350035,0.003428539327102434,25732.28,25584.3,0.010240202202549425,0.1625581704177699,False
2026-02-19,25848.8,25877.0,25402.4,25446.0,6180000.0,-0.014782521159370843,-0.014892871479581528,25649.84,25589.11,0.010756447840319636,0.17075331585554138,False
2026-02-20,25415.1,25688.0,25389.7,25584.7,6900000.0,0.005450758468914518,0.005435956847320048,25663.02,25614.355000000003,0.010497516797237203,0.16664291297527736,False
2026-02-23,25686.0,25779.9,25593.3,25705.2,8000000.0,0.0047098461189696295,0.0046987894968050494,25660.620000000003,25640.845,0.01051186512504112,0.16687068561787016,False
2026-02-24,25616.3,25640.4,25341.0,25424.65,5740000.0,-0.010914134105161621,-0.010974130203129786,25597.670000000002,25639.5575,0.010571148374382703,0.16781177802588812,False
2026-02-25,25655.0,25817.8,25571.2,25628.8,5760000.0,0.008029609060498322,0.007997543285722072,25557.870000000003,25644.1825,0.010699757676858428,0.16985338740972963,False
2026-02-26,25680.0,25725.0,25538.0,25635.8,3910000.0,0.00027313022849284607,0.00027309293522244626,25595.83,25655.152500000004,0.010636752945738617,0.16885321830994857,False
2026-02-27,25570.0,25580.0,25286.1,25338.6,5980000.0,-0.011593162686555525,-0.011660887334501317,25546.61,25679.4075,0.00967307799455041,0.15355535271667073,False
2026-03-02,25100.0,25151.0,24743.4,24982.2,9160000.0,-0.014065496909852815,-0.014165353472125414,25402.01,25671.427499999998,0.009894314094248194,0.1570673669216521,False
2026-03-04,24450.0,24700.0,24427.0,24584.7,10550000.0,-0.015911328866152652,-0.016039273048909012,25234.02,25609.807500000003,0.00819834261237681,0.13014465429151587,False
2026-03-05,24659.0,24970.5,24625.0,24854.3,7630000.0,0.010966170016310839,0.010906477575713593,25079.120000000003,25560.0825,0.00869967003189032,0.13810298035621887,False
2026-03-06,24689.9,24777.0,24500.0,24545.7,5860000.0,-0.012416362561005534,-0.01249408965262185,24861.1,25501.1175,0.008994082210250219,0.14277662879755337,False
2026-03-09,23845.0,24204.7,23804.0,24122.5,11440000.0,-0.01724130906839083,-0.01739167123760276,24617.88,25420.4875,0.009562109812359106,0.15179378743555616,False
2026-03-10,24286.6,24419.6,24158.9,24393.6,7040000.0,0.011238470307803894,0.011175787899415743,24500.16,25344.3975,0.009842292668536107,0.1562415523899649,False
2026-03-11,24339.0,24375.0,23912.0,23939.1,7960000.0,-0.018631936245572578,-0.018807697373624435,24371.04,25242.0725,0.01033798021514945,0.16411034824794876,False
2026-03-12,23720.0,23925.0,23640.0,23728.5,8810000.0,-0.008797323207639374,-0.008836248113586305,24145.879999999997,25128.7875,0.010336254084418765,0.16408294677208607,False
2026-03-13,23499.0,23570.1,23155.1,23199.3,11650000.0,-0.022302294708894443,-0.022554751521332145,23876.6,24995.8425,0.011078169744519285,0.17586049275454788,False
2026-03-16,23235.1,23534.1,23025.0,23429.2,11270000.0,0.0099097817606566,0.009861001874004712,23737.94,24891.3625,0.01141964619064901,0.18128126328482028,False
2026-03-17,23520.0,23670.0,23372.6,23617.4,7560000.0,0.008032711317501162,0.008000620826501924,23582.7,24786.3725,0.011434024987964546,0.18150951961591494,False
2026-03-18,23662.1,23875.7,23648.8,23776.4,6840000.0,0.006732324472634499,0.006709763577802866,23550.16,24688.2225,0.011643861309855815,0.1848405679584317,False
2026-03-19,23340.0,23391.4,22940.2,23054.8,9350000.0,-0.030349422116047964,-0.03081950136837195,23415.420000000002,24549.572500000002,0.012906814510365933,0.2048893284748089,True
2026-03-20,23180.0,23378.0,23069.1,23140.5,8900000.0,0.003717230251401027,0.003710338424754308,23403.660000000003,24434.2975,0.01287569520774173,0.2043953248605045,True
2026-03-23,22821.0,22839.9,22471.0,22514.9,8770000.0,-0.02703485231520486,-0.02740701687775067,23220.8,24280.8075,0.013563978796079769,0.21532148809788215,True
2026-03-24,22840.0,23061.0,22617.0,22928.4,10860000.0,0.018365615658963552,0.01819900459107691,23083.0,24141.9675,0.014460509874652997,0.22955347775715376,True
2026-03-25,23075.0,23460.5,23064.0,23300.0,9280000.0,0.01620697475619748,0.016077043720361756,22987.72,24035.735,0.015189204694310603,0.24112114940400428,True
2026-03-27,23160.0,23168.5,22794.9,22816.6,10740000.0,-0.02074678111587991,-0.020965019350335023,22940.08,23895.125,0.01532773142667627,0.24332019310664801,True
2026-03-30,22609.5,22709.9,22285.8,22331.4,7830000.0,-0.021265219182524886,-0.02149458140979577,22778.26,23729.905,0.015640717527959667,0.2482886934335413,True
2026-04-01,22850.0,23035.0,22732.0,22800.1,8800000.0,0.020988384069068555,0.02077116210416489,22835.3,23602.98,0.016766977915451297,0.26616752281437783,True
2026-04-02,22451.0,22824.0,22276.7,22766.6,8770000.0,-0.001469291801351802,-0.001470372269028448,22802.940000000002,23492.2,0.01664984551016619,0.2643081035252705,True
2026-04-06,22749.9,23089.0,22627.0,23057.0,7710000.0,0.012755527834634961,0.012674861327815576,22754.340000000004,23415.815,0.016848550435111666,0.2674624464194074,True
2026-04-07,22875.0,23184.4,22806.0,23151.1,7270000.0,0.004081190094114451,0.00407288462761202,22821.239999999998,23330.655,0.016615457125226645,0.26376220483803536,True
2026-04-08,23850.1,24090.0,23830.0,24057.8,8000000.0,0.039164445749878096,0.0384169726922413,23166.519999999997,23306.26,0.018979174015946672,0.30128504721368354,True
2026-04-09,23960.0,24029.5,23750.0,23861.3,5740000.0,-0.008167829144809624,-0.008201368615910512,23378.76,23293.2,0.01867225592047018,0.2964128734927053,True
2026-04-10,23930.9,24120.0,23914.1,24101.0,5380000.0,0.010045554936235712,0.009995433733280976,23645.639999999996,23278.57,0.018635061998760513,0.29582243828994337,True
2026-04-13,24001.1,24225.0,23900.0,24152.9,229320.0,0.0021534376166965075,0.002151122293252598,23864.82,23289.260000000002,0.01814002647492471,0.2879639929726706,True
2026-04-15,24306.6,24599.2,24306.6,24522.3,176670.0,0.015294229678423532,0.015178451942814067,24139.06,23328.95,0.018282422714068,0.29022446319109474,True
2026-04-16,24599.9,24663.0,24405.1,24487.4,200460.0,-0.0014231943985677509,-0.0014242081016276414,24224.98,23393.355,0.017408604798066427,0.2763530338097374,True
2026-04-17,24487.4,24665.0,24387.4,24653.0,187270.0,0.0067626616137277384,0.006739897391202125,24383.32,23454.545000000002,0.0173555712180285,0.2755111518262427,True
2026-04-20,24717.0,24749.6,24551.0,24606.7,245510.0,-0.0018780675779823675,-0.0018798333580786896,24484.460000000003,23504.010000000002,0.017336538843138207,0.2752090222413307,True
2026-04-21,24639.9,24850.0,24639.8,24840.1,322140.0,0.009485221504712094,0.009440519242807371,24621.9,23557.195,0.017385305401195393,0.2759831673508261,True
2026-04-22,24729.2,24800.0,24605.0,24653.6,249280.0,-0.007508021304262091,-0.007536348372102436,24648.159999999996,23637.135,0.015803543193213563,0.250873470737464,True
2026-04-23,24555.0,24555.0,24391.1,24410.6,283990.0,-0.009856572670928432,-0.009905470257057387,24632.8,23700.64,0.016081673557104065,0.255288653386925,True
2026-04-24,24415.8,24483.0,24081.0,24151.5,469690.0,-0.010614241354165777,-0.010670974221944324,24532.5,23782.47,0.014850487136836054,0.23574417487339097,True
2026-04-27,24252.7,24350.6,24211.0,24328.8,432320.0,0.0073411589342275985,0.00731434378319656,24476.92,23852.489999999998,0.014474134225731638,0.22976975762552607,True
2026-04-28,24300.0,24382.2,24171.1,24201.5,344050.0,-0.0052324816678175345,-0.0052462190413433635,24349.2,23897.565,0.014241841854308377,0.2260822305480657,True
2026-04-29,24425.6,24708.0,24404.1,24528.4,107250.0,0.013507427225585289,0.013417015176687261,24324.159999999996,23983.155000000002,0.013397596650715219,0.21268025342246616,True
2026-04-30,24405.8,24405.8,24113.9,24340.0,230620.0,-0.007680892353353674,-0.007710542330125188,24310.04,24083.585,0.01236980396300012,0.19636455031631722,False
2026-05-04,24478.8,24600.0,24329.6,24449.7,119470.0,0.004506984387838919,0.004496858347573269,24369.68,24166.065000000002,0.011738532633775505,0.18634342863471617,False
2026-05-05,24350.0,24384.0,24185.2,24345.8,115250.0,-0.004249540894162407,-0.004258595855124339,24373.079999999998,24245.025,0.011817465173963258,0.1875964438648406,False
2026-05-06,24471.0,24700.0,24310.0,24683.8,182590.0,0.013883298145881406,0.013787807959645964,24469.54,24326.364999999998,0.01186692063782351,0.18838152501492603,False
2026-05-07,24750.0,24770.0,24565.0,24620.3,128639.99999999999,-0.0025725374537145518,-0.0025758521141356757,24487.920000000002,24399.825,0.01194223003335252,0.18957702460666417,False
2026-05-08,24532.1,24535.6,24403.5,24477.1,139620.0,-0.0058163385498958275,-0.00583331932292277,24515.34,24420.79,0.008558579693325033,0.13586324066679292,False
2026-05-11,24300.0,24300.1,24087.9,24106.3,234720.0,-0.0151488534180928,-0.015264769451273365,24446.66,24433.04,0.009074620751100125,0.1440551384978226,False
2026-05-12,24064.9,24064.9,23625.0,23657.0,265400.0,-0.018638281279167668,-0.018814162892873968,24308.9,24410.840000000004,0.009737367913783592,0.1545759235452673,False
2026-05-13,23600.2,23835.0,23530.0,23675.1,187070.0,0.0007651012385339051,0.0007648086977873173,24107.159999999996,24386.95,0.009719505181360936,0.15429236145890868,False
2026-05-14,23750.0,23985.0,23654.0,23908.4,186810.0,0.009854235040190007,0.009805998695397165,23964.78,24356.255,0.009308298445017111,0.14776465688810708,False
2026-05-15,23963.0,24035.0,23795.0,23840.2,143650.0,-0.002852553914105549,-0.002856630199750567,23837.4,24323.894999999997,0.009315379550785551,0.1478770659573309,False
2026-05-18,23705.2,23895.0,23551.0,23845.2,228480.0,0.00020972978414612875,0.00020970779392956494,23785.18,24283.504999999997,0.009130380655566286,0.14494029953989968,False
2026-05-19,23845.1,23950.0,23775.2,23796.2,102380.0,-0.002054920906513713,-0.0020570351533829904,23813.02,24242.98,0.009130724525220329,0.14494575830142778,False
2026-05-20,23649.9,23875.4,23570.0,23846.2,137670.0,0.002101175817987855,0.002098971435402321,23847.239999999998,24193.285,0.008800797123791608,0.13970832317211077,False
2026-05-21,23985.0,24008.9,23742.4,23814.7,175700.0,-0.0013209651852287285,-0.0013218384288400074,23828.5,24151.34,0.008705322333462762,0.13819270786199378,False
2026-05-22,23850.0,24000.0,23846.7,23900.9,267220.0,0.003619613096113028,0.003613078061414232,23840.640000000003,24125.855,0.008560564059518312,0.13589474150353792,False
2026-05-25,24070.9,24255.0,24070.9,24210.0,325650.0,0.012932567392859529,0.012849655817739697,23913.6,24128.78,0.008787752198561549,0.13950124140392975,False
2026-05-26,24180.0,24226.0,24039.0,24064.7,443760.0,-0.006001652209830621,-0.006019734509872634,23967.3,24115.575,0.008719913968686556,0.13842434289013736,False
2026-05-27,24151.0,24245.0,24130.0,24206.9,75010.0,0.005909070131769889,0.005891680049375055,24039.440000000002,24115.845,0.008758107910241654,0.1390306529158021,False
2026-05-29,24229.9,24250.0,23918.0,23953.0,174330.0,-0.010488744944623263,-0.010544139516710188,24067.1,24087.075,0.00845558995877291,0.1342283293154881,False
2026-06-01,23953.1,23953.5,23645.0,23668.6,236600.0,-0.011873251784745187,-0.011944301795166359,24020.64,24053.504999999997,0.008675074913024857,0.13771254494831434,False
2026-06-02,23642.2,23830.0,23500.0,23801.4,151320.0,0.005610809257835303,0.005595127299211893,23938.920000000002,24021.090000000004,0.00871778364984225,0.13839052512688552,False
2026-06-03,23849.9,23849.9,23411.0,23709.2,249020.0,-0.00387372171384881,-0.0038812440062692623,23867.82,23989.260000000002,0.008711509132222664,0.1382909202475756,False
2026-06-04,23560.1,23730.0,23526.1,23695.9,96660.0,-0.0005609636765474546,-0.0005611210755368204,23765.620000000003,23939.864999999998,0.007953322222389548,0.12625507618323775,False
2026-06-05,23722.0,23775.0,23555.0,23647.9,115050.0,-0.002025666887520594,-0.0020277213255637788,23704.600000000002,23891.245000000003,0.007952226511165112,0.12623768230678614,False
2026-06-08,23420.0,23540.0,23361.4,23382.2,187790.0,-0.011235669974923757,-0.011299266933159184,23647.32,23836.500000000004,0.008178832255692811,0.1298349369808597,False
2026-06-09,23450.0,23545.0,23353.0,23531.0,140730.0,0.006363815209860402,0.006343651637467614,23593.24,23807.735,0.007799484510509342,0.12381297821584836,False
2026-06-10,23491.1,23646.0,23435.0,23447.4,112650.0,-0.0035527601886872207,-0.0035590862288799683,23540.879999999997,23797.254999999997,0.006669676256086962,0.1058778281935107,False
2026-06-11,23375.0,23545.0,23312.0,23397.4,142870.0,-0.0021324325938056887,-0.002134709465615543,23481.18,23783.370000000003,0.006673961818894426,0.10594585939400969,False
2026-06-12,23600.1,23900.0,23531.0,23873.5,193250.0,0.020348414781129476,0.020144152088702384,23526.3,23781.625,0.007846130424049476,0.12455345913727604,False
2026-06-15,24112.5,24216.8,24080.0,24106.9,206830.0,0.009776530462646926,0.009729049404557781,23671.24,23794.960000000003,0.008111886197951921,0.12877220126062833,False
2026-06-16,24209.9,24209.9,24114.6,24194.2,87300.0,0.0036213698152811613,0.003614828443339561,23803.88,23812.41,0.008139347621878684,0.12920813785077592,False
2026-06-17,24321.0,24321.0,24190.1,24285.6,126100.0,0.0037777649188648343,0.003770647085675299,23971.519999999997,23836.88,0.008137743556565569,0.1291826741033447,False
2026-06-18,24290.0,24400.0,24240.7,24382.4,162960.0,0.003985901110123091,0.003977978451936646,24168.52,23863.69,0.008161438064744902,0.1295588127598277,False
2026-06-19,24250.0,24285.0,24170.0,24261.7,258310.0,-0.004950292013911728,-0.004962585296429275,24246.16,23886.04,0.008258896655437995,0.13110591992443224,False
2026-06-22,24270.0,24373.1,24270.0,24338.6,124740.0,0.0031696047680087602,0.0031645921600138866,24292.5,23907.925,0.008251886779221118,0.130994641589285,False
2026-06-23,24315.0,24363.7,24031.0,24070.5,255390.0,-0.011015424058902212,-0.01107654309165676,24267.76,23900.95,0.008157063154480228,0.1294893632124164,False
2026-06-24,23910.0,24188.0,23895.0,24125.2,3880000.0,0.002272491223697104,0.002269913020739816,24235.68,23903.975,0.008059633565411015,0.12794271643431826,False
2026-06-25,24201.0,24349.0,24150.0,24170.5,4710000.0,0.0018777046407905118,0.001875943957116228,24193.3,23902.155,0.007957957902267547,0.1263286653199271,False
2026-06-29,24178.5,24200.5,24002.8,24037.7,5230000.0,-0.005494300903994498,-0.005509450090145453,24148.5,23906.39,0.00768673119265167,0.12202307478455544,False
2026-06-30,24057.7,24099.0,23940.4,24009.1,8080000.0,-0.0011897976927910392,-0.001190506064000624,24082.6,23923.415,0.007156138856592789,0.11360018257194379,False
2026-07-01,24133.0,24230.0,24100.0,24195.3,191430.0,0.007755392746916723,0.00772547427535914,24107.559999999998,23943.11,0.007248458433740218,0.11506571042559223,False
2026-07-02,24250.0,24371.0,24240.0,24354.0,264880.0,0.006559125119341314,0.006537707660359261,24153.32,23975.35,0.007266312982734018,0.11534914260404511,False
2026-07-03,24475.0,24539.3,24430.0,24445.2,295490.0,0.0037447647203745493,0.003737770544559531,24208.26,24012.815000000002,0.00726995216829604,0.11540691288387667,False
2026-07-06,24464.9,24599.1,24440.1,24571.0,221520.0,0.005146204571858659,0.005133008116188437,24314.920000000002,24058.97,0.007259464001054432,0.11524041839049577,False
2026-07-07,24594.9,24649.3,24500.1,24529.8,285420.0,-0.0016767734320948247,-0.0016781807900998127,24419.059999999998,24116.35,0.006633977635311588,0.10531113015719284,False
2026-07-08,24400.0,24419.5,23938.2,24007.4,721570.0,-0.021296545426379265,-0.021526588799138293,24381.480000000003,24140.17,0.008413067771666572,0.13355331052177252,False
2026-07-09,24000.1,24273.9,24000.0,24090.8,324220.0,0.003473928871930987,0.003467908719386417,24328.840000000004,24172.340000000004,0.008357875762961965,0.13267716454542952,False
2026-07-10,24135.8,24350.0,24135.8,24328.7,258120.0,0.009875139057233584,0.009826698515197197,24305.54,24218.905,0.00852137961359726,0.13527270770852418,False
2026-07-13,24151.0,24375.0,24125.0,24330.1,373300.0,5.7545203812736645e-05,5.754354815101234e-05,24257.36,24241.735,0.007347404113005582,0.11663642438943532,False
2026-07-14,24185.1,24245.1,24098.7,24120.0,431470.0,-0.0086353940181092,-0.008672895080075469,24175.4,24242.390000000003,0.007339836374119894,0.11651629025896368,False
2026-07-15,24155.1,24309.6,24086.3,24167.6,412430.0,0.001973466003316604,0.0019715212774301014,24207.44,24241.06,0.007306844833571508,0.11599256578900409,False
2026-07-16,24200.0,24300.0,24150.0,24190.6,287820.0,0.0009516873831079131,0.000951234815782645,24227.399999999998,24236.309999999998,0.007256495879936516,0.11519330092846103,False
2026-07-17,24161.1,24444.0,24161.1,24403.0,579670.0,0.008780270022240133,0.008741947608798229,24242.26,24237.34,0.007476883333516475,0.1186918432939692,False
2026-07-20,24354.1,24369.0,24228.3,24352.5,536190.0,-0.0020694176945457166,-0.0020715618980220803,24246.739999999998,24241.879999999997,0.007402477593706625,0.11751068879205336,False
2026-07-21,24352.5,24360.0,24225.0,24275.2,381880.0,-0.0031742120932142237,-0.0031792605905855745,24277.78,24238.71,0.00740503420770578,0.11755127378109426,False
2026-07-22,24249.0,24249.0,24040.1,24079.7,1130000.0,-0.008053486686000477,-0.008086091181135919,24260.2,24239.17,0.007202170135682463,0.1143309064739527,False
2026-07-23,24000.0,24062.8,23870.7,23934.2,3790000.0,-0.006042434083481152,-0.0060607634616467315,24208.920000000002,24229.620000000003,0.007305994690464155,0.11597907018555886,False
2026-07-24,23814.0,23906.0,23701.0,23874.6,3990000.0,-0.002490160523435203,-0.0024932661298617442,24103.24,24214.825,0.007300491629508742,0.11589171180113295,False
2026-07-27,23999.0,24120.0,23965.2,24101.8,3410000.0,0.009516389803389425,0.00947139420447678,24053.1,24218.03,0.007537536914349721,0.11965468904003114,False
2026-07-28,24100.0,24150.0,24050.0,24098.8,5270000.0,-0.000124472031134637,-0.00012447977842079135,24017.82,24222.515000000003,0.007531255609956479,0.11955497642402946,False
2026-07-29,24353.9,24460.0,24319.5,24431.1,256300.0,0.013789068335352761,0.01369486413681328,24088.1,24234.305,0.007958019601629316,0.12632964476693084,False
2026-07-30,24385.0,24510.0,24376.4,24474.3,140210.0,0.0017682380244852247,0.0017666765320854497,24196.12,24240.32,0.007837713210937977,0.1244198400215245,False
2026-07-31,24490.1,24600.0,24490.1,24567.5,170430.0,0.0038080762268992707,0.00380084385974643,24334.7,24246.434999999998,0.007839200723712319,0.12444345355476213,False
2026-08-03,24601.5,24689.2,24580.5,24649.4,3190000.0,0.0033336725348529495,0.0033281281672217903,24444.22,24250.355,0.007790293723326783,0.12366707899242053,False
2026-08-04,24684.8,24697.0,24500.0,24555.6,4110000.0000000005,-0.0038053664592242464,-0.003812625287020159,24535.579999999998,24251.644999999997,0.007831545105301077,0.12432192438007082,False
2026-08-05,24715.0,24740.0,24565.0,24647.7,2950000.0,0.0037506719444853065,0.0037436557127177097,24578.9,24283.66,0.006027951158312913,0.09569075808083825,False
2026-08-06,24687.0,24758.3,24672.3,24739.4,2049999.9999999998,0.0037204282752549833,0.0037135245997673904,24631.920000000002,24316.090000000004,0.006032806518438708,0.09576783453334932,False
2026-08-07,24672.0,24707.0,24601.0,24655.0,1630000.0,-0.003411562123576184,-0.003417394771042063,24649.420000000002,24332.405000000002,0.005770043320714757,0.09159659808408331,False
2026-08-10,24805.0,24819.0,24641.4,24667.9,1130000.0,0.0005232204421010689,0.0005230836100123694,24653.120000000003,24349.295,0.005768329517115711,0.09156939229536883,False
2026-08-11,24781.0,24781.0,24650.0,24668.0,1320000.0,4.053851361485172e-06,4.053843144651948e-06,24675.6,24376.695,0.005339563076847143,0.08476293606648244,False
